label,text
ham,ok way home hi hi
spam,ur balance 500 ur next question sang uptown girl 80 2 answer txt ur answer 83600 good luck
ham,tired arguing week week want
ham,tell drug dealer getting impatient
ham,hmmm guess go 4 kb n power yoga haha dunno tahan power yoga anot thk got lo oso forgot liao
ham,lol forgot eh yes bring babe
ham,n funny
ham,u horrible gal u knew dat going wif yest n u still come n ask
ham,pub
ham,ok
ham,life alle mone eppolum oru pole allalo
ham,guess got screwd
ham,anything valuable 2 situations first getting second loosing
ham,time tell friend around
ham,u call
ham,different styles
ham,lt gt ish minutes 5 minutes ago wtf
ham,stop old man get build snowman snow angels snowball fights
ham,went project centre
ham,lasting much 2 hours might get lucky
ham,ofcourse also upload songs
ham,watever relation u built dis world thing remains atlast iz lonlines lotz n lot memories feeling
ham,yeah worse
ham,host based idps linux systems
ham,one best dialogue cute reltnship wen die dont come near body bcoz hands may come 2 wipe ur tears time gud ni8
ham,still game
ham,log 4 wat sdryb8i
spam,urgent trying contact last weekends draw shows 900 prize guaranteed call 09061701851 claim code k61 valid 12hours
ham,okay seen pick friday
ham,ah well confuses things doesnt thought friends maybe wrong thing already sort invited tho may come cos money
ham,honey sweetheart darling sexy buns sugar plum loverboy miss boytoy smacks ass go gym
ham,bold 2 lt gt
ham,yeah get random dude need change info sheets party lt gt 7 never study safe
ham,thanx lot 4 ur help
spam,recpt 1 3 ordered ringtone order processed
ham,fine got enough bud last night least
ham,good morning dear shijutta great amp successful day
ham,alright tyler got minor crisis home sooner thought asap
ham,got gas money chance gang want go grand nature adventure
spam,mila age23 blonde new uk look sex uk guys u like fun text mtalk 69866 18 30pp txt 1st 5free 1 50 increments help08718728876
ham,ya telling abt tht incident
ham,joy father john john joy father u ans ths hav lt gt iq tis ias question try answer
ham,train back northampton afraid staying skyving today ho ho around wednesday though fancy comedy club week way
ham,likely called mittelschmertz google dont paracetamol dont worry go
ham,dnt wnt tlk wid u
ham,need strong arms
ham,hai priya right doctor said pa
ham,sucks go u hair free right
ham,huh lei
ham,calls messages missed calls
ham,yup
ham,kinda first one gets twelve aah speak tomo
spam,hmv bonus special 500 pounds genuine hmv vouchers answer 4 easy questions play send hmv 86688 info www 100percent real com
ham,alright babe justthought sayhey u doin nearly endof wk offdam nevamind 2hook sn uwant m8 lovejen x
ham,waiting call sir
ham,superior telling friday leave department except leave way call waheed fathima hr conform
ham,hey whats plan sat
ham,come guoyang go n tell u told
ham,aight yo dats straight dogg
spam,money wining number 946 wot next
ham,love ass enjoy doggy style
spam,themob hit link get premium pink panther game new 1 sugababes crazy zebra animation badass hoody wallpaper 4 free
spam,4 costa del sol holiday 5000 await collection call 09050090044 toclaim sae tc pobox334 stockport sk38xh cost 1 50 pm max10mins
ham,asked call ok
ham,ok lor
ham,yeah get unlimited
ham,come n pick come immediately aft ur lesson
ham,simple arithmetic percentages
ham,dear good morning
ham,probably money worries things coming due several outstanding invoices work two three months ago
ham,sorry earlier putting fires around talk 9 actually life lol
ham,happy birthday may ur dreams come true
ham,got fujitsu ibm hp toshiba got lot model say
spam,january male sale hot gay chat cheaper call 08709222922 national rate 1 5p min cheap 7 8p min peak stop texts call 08712460324 10p min
ham,oh howda gud gud mathe en samachara chikku
ham,yeah fine 6 get ok
ham,dear angry busy dear
ham,oh baby house come dont new pictures facebook
ham,omg make wedding chapel frontierville get good stuff
ham,accidentally deleted message resend please
ham,height confidence aeronautics professors wer calld amp wer askd 2 sit aeroplane aftr sat wer told dat plane ws made students dey hurried plane bt 1 didnt move said made students wont even start datz confidence
ham,hi yijue meet u 11 tmr
ham,please tell car keys purse
ham,ic lotta childporn cars
ham,though shd go n fun bar town something sound ok
ham,much blackberry bold2 nigeria
ham,yep derek house see sunday lt 3
ham,life nothing wen v get everything life everything wen v miss something real value people wil realized absence gud mrng
spam,free ringtone waiting collected simply text password mix 85069 verify get usher britney fml po box 5249 mk17 92h 450ppw 16
spam,win newest harry potter order phoenix book 5 reply harry answer 5 questions chance first among readers
ham,even u dont get trouble convincing tel twice tel neglect msgs dont c read dont reply
ham,sorry da thangam mistake
ham,yup comin
ham,turns friends staying whole show back til lt gt feel free go ahead smoke lt gt worth
spam,thanks ringtone order reference number x29 mobile charged 4 50 tone arrive please call customer services 09065989180
spam,santa calling would little ones like call santa xmas eve call 09077818151 book time calls1 50ppm last 3mins 30s c www santacalling com
ham,sucks got planned yo valentine yo valentine
ham,painful personal thought always try keep everybody happy time nobody recognises alone
ham,cant pick phone right pls send message
ham,yup giving problems mayb jus leave
ham,feel always happy slowly becomes habit amp finally becomes part life follow happy morning amp happy day
spam,shop till u drop either 10k 5k 500 cash 100 travel voucher call 09064011000 ntt po box cr01327bt fixedline cost 150ppm mobile vary
spam,sexy singles waiting text age followed gender wither f e g 23f gay men text age followed g e g 23g
ham,okay going sleep later
ham,v nice 2 sheffield tom 2 air opinions categories 2 b used 2 measure ethnicity next census busy transcribing
ham,ring comes guys costumes gift future yowifes hint hint
ham,wat uniform get
ham,ex wife able kids want kids one day
ham,yeah sure thing mate haunt got stuff sorted im going sound anyway promoting hex way dont know number joke
ham,oh okie lor go sat
ham,gr8 handle victoria island traffic plus album due
spam,big brother alert computer selected u 10k cash 150 voucher call 09064018838 ntt po box cro1327 18 bt landline cost 150ppm mobiles vary
ham,hey sweet wondering moment might come want send file someone go yahoo connection sucks remember set page go download format disc could tell know way download big files download stuff directly internet help would great prey teasing kiss
ham,honestly made lovely cup tea promptly dropped keys burnt fingers getting
ham,sure get acknowledgement astoundingly tactless generally faggy demand blood oath fo
spam,tkts euro2004 cup final 800 cash collect call 09058099801 b4190604 pobox 7876150ppm
ham,gonna worry nothing give money use
ham,havent got da topic yet rite
ham,come
ham,good afternoon boytoy feeling today better hope good boy obedient slave please queen
ham,dont knw pa drink milk
spam,hi amy sending free phone number couple days give access adult parties
ham,u hav frnd name ashwini ur college
ham,sounds like plan cardiff still still cold sitting radiator
ham,hi princess thank pics pretty
ham,wuld without baby thought alone mite break wanna go crazy everyboy needs lady xxxxxxxx
ham,thanx 4 puttin da fone
ham,send text skype later
ham,hey u still gym
ham,lay man let know missed thought great day send bimbo ugo numbers ill appreciate safe
ham,get step 2 outta way congrats
ham,easy ah sen got selected means good
ham,wanted ask wait 4 finish lect cos lect finishes hour anyway
ham,sometimes heart remembrs someone much forgets someone soon bcoz heart like everyone liked ones remembered everytime bslvyl
ham,case guess see campus lodge
ham,ay wana meet sat wkg sat
ham,took hooch walk toaday fell splat grazed knees everything stayed home see tomorrow
spam,important information 4 orange user today lucky day 2find log onto http www urawinner com fantastic surprise awaiting
ham,eatin lor goin back work soon e mountain deer show huh watch b4 liao nice
ham,class holla later
spam,please call customer service representative freephone 0808 145 4742 9am 11pm guaranteed 1000 cash 5000 prize
ham,went fast asleep dear take care
ham,lara said loan lt gt
ham,wat makes people dearer de happiness dat u feel u meet de pain u feel u miss dem
ham,someone smoke every time smoked last two weeks calling texting wanted smoke
ham,come back tampa ffffuuuuuuu
spam,chance reality fantasy show call 08707509020 20p per min ntt ltd po box 1327 croydon cr9 5wb 0870 national rate call
ham,wat makes u thk fall actually thk quite prone 2 falls lucky dad home ask come n fetch already
ham,done oredi
ham,jason says cool pick place like hour
ham,im gloucesterroad uup later
ham,okay soon best
ham,hav almost reached call unable connect u
spam,join uk horniest dogging service u sex 2nite sign follow instructions txt entry 69888 nyt ec2a 3lp msg 150p
ham,thats going ruin thesis
ham,cool let know kicks around lt gt day
ham,2 oz guy kinda flaky one friend interested picking lt gt worth tonight possible
ham,happen tell truth
ham,comin fetch us oredi
ham,good registered vote
ham,want lick pussy
ham,okie wan meet bishan cos bishan driving today
spam,sunshine quiz wkly q win top sony dvd player u know country liverpool played mid week txt ansr 82277 1 50 sp tyrone
ham,slow using biola fne
ham,k girl waiting reception ah
ham,doc prescribed morphine cause pain meds enough waiting mom bring med kick fast gonna try later
ham,call 10 10 make sure dat woken
spam,private 2003 account statement shows 800 un redeemed points call 08715203652 identifier code 42810 expires 29 10 0
ham,lol know awesome phone could click delete right want
ham,creepy crazy
ham,purity friendship two smiling reading forwarded message smiling seeing name gud evng musthu
ham,lol boo hoping laugh
ham,jokin lar depends phone father get lor
spam,send logo 2 ur lover 2 names joined heart txt love name1 name2 mobno eg love adam eve 07123456789 87077 yahoo pobox36504w45wq txtno 4 ads 150p
ham,scotland hope showing jjc tendencies take care live dream
ham,valentine game send dis msg ur friends 5 answers r someone really loves u ques colour suits best rply
ham,responding
ham,shall book chez jules half eight ok
ham,got ur mail dileep thank muchand look forward lots support less contacts remember one venugopal mentioned tomorrow late shall try come till goodnight dear
ham,6 ft good combination
ham,exactly anyways far jide study visiting
ham,wife knew time murder exactly
spam,msg mobile content order resent previous attempt failed due network error queries customersqueries netvision uk com
ham,jus ans lar u noe later
spam,jamster get free wallpaper text heart 88888 c apply 16 need help call 08701213186
ham,work ah den 6 plus lor u workin oso rite den go orchard lor place go liao
ham,thanks message really appreciate sacrifice sure process direct pay find way back test tomorrow class wonderful day
ham,ok problem u frm wats matter
ham,seems unnecessarily affectionate
ham,wet right
ham,missionary hook doggy hook standing
spam,missed call alert numbers called left message 07008009200
ham,mon okie lor haha best cheap n gd food la ex oso okie depends whether wana eat western chinese food den u prefer
ham,weird know one point
ham,nw came hme da
ham,juz go google n search 4 qet
ham,wiskey brandy rum gin beer vodka scotch shampain wine kudi yarasu dhina vaazhthukkal
ham,hey free call
ham,go 4 e normal pilates intro
ham,captain vijaykanth comedy captain tv drunken
spam,unique enough find 30th august www areyouunique co uk
ham,lmao take pic send
ham,evo download flash jealous
ham,long take get
ham,dude u knw also telugu thts gud k gud nyt
ham,jay says double faggot
ham,wat late still early mah juz go 4 dinner lor aiya dunno
ham,ok come n pick u engin
spam,bank granite issues strong buy explosive pick members 300 nasdaq symbol cdgt 5 00 per
ham,looking
ham,got back dislikes bed
ham,yeah got 2 v apologetic n fallen actin like spoilt child got caught till 2 go badly cheers
ham,also remember get dobby bowl car
ham,wat r u
ham,dear sir salam alaikkum pride pleasure meeting today tea shop pleased send contact number qatar rakhesh indian pls save number respectful regards
ham,haha dinner cousin
ham,sign maturity start saying big things actually start understanding small things nice evening bslvyl
ham,draw va dont think
ham,still around could use half 8th
ham,got home babe still awake
ham,ok msg u b4 leave house
ham,ok come ur home half hour
ham,guys leaving
ham,ok da already planned wil pick
ham,possession especially first offense
ham,alright make sure car back tonight
ham,really dude friends afraid
ham,good morning princess happy new year
ham,come round
ham,nutter cutter ctter cttergg cttargg ctargg ctagg ie
ham,ok vl u know got adsense approved
ham,good afternoon love goes day hope maybe got leads job think boytoy send passionate kiss across sea
spam,heard u4 call night knickers make beg like u last time 01223585236 xx luv nikiyu4 net
ham,friendship poem dear dear u r near hear dont get fear live cheer tear u r always dear gud ni8
ham,norm tomorrow finish 4 15 cos st tests need sort library stuff point tomo got letter today access til end march better get move
ham,shall come get pickle
ham,promises though even gotten dinner yet
ham,gudnite tc practice going
ham,da car park
ham,dude sux snake got old raiden got buff
ham,u workin overtime nigpun
ham,sorry call later
ham,yes please swimming
ham,thanks temales wonderful thank great week
ham,er enjoyin indians mo yep sall good hehe hows bout u shexy pete xx
ham,dunno lei neva say
ham,sorry call later meeting thing related trade please call arul lt gt
ham,mmmmm sooooo good wake words morning love mmmm fuck love lion devouring kiss across sea
ham,sorry da thought calling lot times lil busy call noon
ham,baaaaabe misss youuuuu go teach class 5
ham,yo game almost want go walmart soon
ham,sir waiting letter
ham,really good dhanush rocks
spam,camera awarded sipix digital camera call 09061221066 fromm landline delivery within 28 days
ham,usual iam fine happy amp well
ham,come lt 25 n pass lar
ham,babe love covers face kisses
ham,lt gt k oh send home sale
ham,emigrated something ok maybe 5 30 bit hopeful
ham,aight let know gonna around usf
spam,22 days kick euro2004 u kept date latest news results daily removed send get txt stop 83222
ham,buy
ham,got part nottingham 3 hrs 63miles good thing love man much 40mph hey ho
ham,alrite hunny wot u 2 2nite didnt end goin town jus da pub instead jus chillin da mo bedroom love jen xxx
ham,gonna say sorry would normal starting panic time sorry seeing tuesday
ham,see swing bit got things take care firsg
ham,fine absolutly fine
ham,way home went change batt 4 watch go shop bit lor
ham,jus finish bathing
ham,hiya hows going sunny africa hope u r avin good time give big old silver back big kiss
ham,yeah open chat click friend lists make list easy pie
ham,great attracts brothas
ham,big brother really scraped barrel shower social misfits
ham,dad get back
ham,guys asking get slippers gone last year
ham,ok lor thanx school
ham,feathery bowa something guys know
ham,lmao fun
ham,uh heads much left
spam,cmon babe make horny turn txt fantasy babe im hot sticky need replies cost 1 50 2 cancel send stop
ham,thanks keep mind
spam,free 1st week no1 nokia tone 4 ur mobile every week txt nokia 8077 get txting tell ur mates www getzed co uk pobox 36504 w45wq 16 norm150p tone
ham,dont file bag work called tell find anything room
spam,please call 08712402578 immediately urgent message waiting
ham,get tomorrow send
ham,ok gentleman treat dignity respect
spam,win year supply cds 4 store ur choice worth 500 enter 100 weekly draw txt music 87066 ts cs www ldew com subs16 1win150ppmx3
ham,tell female v throwing deciding get
ham,cud u tell ppl im gona b bit l8 cos 2 buses hav gon past cos full im still waitin 4 1 pete x
spam,lookatme thanks purchase video clip lookatme charged 35p think better send video mmsto 32323
ham,7 wonders world 7th 6th ur style 5th ur smile 4th ur personality 3rd ur nature 2nd ur sms 1st ur lovely friendship good morning dear
ham,night ended another day morning come special way may smile like sunny rays leaves worries blue blue bay gud mrng
ham,im good thinking
spam,splashmobile choose 1000s gr8 tones wk subscrition service weekly tones costing 300p u one credit kick back enjoy
ham,watching surya movie 6 pm vijay movie pokkiri
ham,ok later showing around 8 8 30 want cld drink wld prefer spend money nosh mind nxt wk
ham,dear chechi talk
ham,reached home tired come tomorro
spam,selected stay 1 250 top british hotels nothing holiday worth 350 claim call london 02072069400 bx 526 sw73ss
ham,speak bcaz mobile problem listen cann listen voice calls later
ham,free call sir
ham,sad story man last week b day wife nt wish parents forgot n kids went work even colleagues wish
spam,u 447801259231 secret admirer looking 2 make contact u find r reveal thinks ur special call 09058094597
ham,cant pick phone right pls send message
ham,stupid auto correct phone
ham,gud ni8 dear slp well take care swt dreams muah
ham,k k college
ham,nothing really making sure everybody speed
ham,get class bsn like lt gt minutes know advising
ham,forget tell want need crave love sweet arabian steed mmmmmm yummy
ham,yes innocent fun
ham,neshanth tel r u
ham,yo around friend mine lookin pick later tonight
spam,well done england get official poly ringtone colour flag yer mobile text tone flag 84199 opt txt eng stop box39822 w111wx 1 50
ham,actually deleted old website blogging magicalsongs blogspot com
ham,know friend already told
ham,ding ya break fassyole blacko londn
ham,either way works lt gt years old hope doesnt bother
ham,hopeing pissed remember gone sisters something
ham,dunno lei thk mum lazy go neva ask yet
ham,fyi usf swing room whenever
ham,whatsup dont u want sleep
ham,lover need
ham,sorry call later meeting
ham,roger probably going rem 20
ham,r outside already
ham,working ringing u thing whole houseful screaming brats pulling hair loving u
ham,ok thanx
ham,pls speak wont ask anything friendship
ham,fine anytime best
ham,cool come like lt gt ish
ham,wont anything de
ham,sorry cant take call right happens r 2waxsto wat want come ill get medical insurance able deliver basic care currently shopping right medical insurance give til friday morning thats see major person guide right insurance
ham,haha okay today weekend leh
ham,sorry brah finished last exams
ham,k 2marrow coming class
spam,guess first time created web page www asjesus com read wrote waiting opinions want friend 1 1
ham,japanese proverb one u none u must indian version one let none leave finally kerala version one stop none make strike
ham,tomarrow want got court lt decimal gt come bus stand 9
spam,well done england get official poly ringtone colour flag yer mobile text tone flag 84199 opt txt eng stop box39822 w111wx 1 50
ham,watching telugu movie wat abt u
ham,smoking people use wylie smokes much justify ruining shit
ham,oh god taken teeth paining
spam,today offer claim ur 150 worth discount vouchers text yes 85023 savamob member offers mobile cs 08717898035 3 00 sub 16 unsub reply x
ham,okay name ur price long legal wen pick u ave x ams xx
spam,free entry 2 weekly comp chance win ipod txt pod 80182 get entry std txt rate c apply 08452810073 details 18
ham,still grinder
ham,gonna able late notice home weeks anyway plans
ham,u lousy run already come back half dead hee
ham,gd luck 4 ur exams
ham,want go perumbavoor
spam,sms ac blind date 4u rodds1 21 aberdeen united kingdom check http img sms ac w icmb3cktz8r7 4 blind dates send hide
ham,come n pick 530 ar
ham,set place heart mind mind easily forgets heart always remember wish happy valentines day
ham,hey angry reply dr
ham,ok bus come soon come otherwise tomorrow
ham,captain room
ham,long quit get like 5 minutes day
ham,somewhere beneath pale moon light someone think u dreams come true goodnite amp sweet dreams
ham,going college pa else ill come self pa
ham,sez hows u de arab boy hope u r good give love 2 evry1 love ya eshxxxxxxxxxxx
ham,hand phone chat wit u
ham,sch fr 4 6 dun haf da book sch home
spam,free entry 250 weekly competition text word win 80086 18 c www txttowin co uk
ham,got tv 2 watch meh u work today
ham,k still loving
ham,late need go n get da laptop
ham,jane babes goin 2 wrk feel ill lst nite foned already cover 4 chuck
ham,please ask macho price range want something new used plus interfued blackberry bold lt gt bb
ham,2 docs appointments next week tired shoving stuff ugh normal body
ham,yes rent expensive way save
ham,u awake snow
ham,hungry buy food good lei mum n yun dun wan juz buy little bit
ham,wow healthy old airport rd lor cant thk anything else b bathing dog later
spam,urgent important information 02 user today lucky day 2 find log onto http www urawinner com fantastic surprise awaiting
ham,yeah probably still gotta check leo
ham,carry disturbing
ham,lol different go trying find every real life photo ever took
ham,6 get ok
ham,howz pain hope u r fine
ham,dont thnk wrong calling us
spam,mobile 10 mths update latest orange camera video phones free save free texts weekend calls text yes callback orno opt
ham,leaving house
ham,k k performed
ham,road cant txt
ham,started dont stop pray good ideas anything see help guys forward link
ham,yo im right yo work
ham,get headache trying figure u trust math promise
ham,okay well thanks clarification
ham,told going got drunk
spam,winner u specially selected 2 receive 1000 4 holiday flights inc speak live operator 2 claim 0871277810910p min 18
ham,jay wants work first 4 sound
ham,busy juz dun wan 2 go early hee
ham,correct work today
ham,luv u soo much u understand special u r 2 ring u 2morrow luv u xxx
ham,1 thing change sentence want 2 concentrate educational career im leaving
ham,wrong phone phone answer one assume people well
ham,edison rightly said fool ask questions wise man answer know us speechless viva gm gn ge gnt
ham,hi chikku send nice msgs
spam,want new nokia 3510i colour phone deliveredtomorrow 300 free minutes mobile 100 free texts free camcorder reply call 08000930705
ham,bday real april
ham,know god created gap fingers one made comes amp fills gaps holding hand love
ham,thinked first time saw class
ham,hi mom might back later lt gt
ham,job profile seems like bpo
spam,phony 350 award todays voda numbers ending xxxx selected receive 350 award match please call 08712300220 quoting claim code 3100 standard rates app
ham,sorry left phone upstairs ok might hectic would birds one fell swoop date
ham,tension ah machi problem
ham,excellent ready moan scream ecstasy
spam,thanks ringtone order reference number x49 mobile charged 4 50 tone arrive please call customer services 09065989182
ham,test earlier appreciate call tomorrow
ham,vivek got call number
ham,happen
ham,funeral home audrey dad
ham,honeymoon outfit
ham,thanx
ham,one talking
ham,hard believe things like say lie think twice saying anything
ham,big difference lt gt versus lt gt every lt gt hrs
spam,sms ac jsco energy high u may know 2channel 2day ur leadership skills r strong psychic reply ans w question end reply end jsco
ham,lol take member said aunt flow visit 6 months cause developed ovarian cysts bc way shrink
ham,yar wanted 2 scold u yest late already got zhong se qing u ask b4 ask go w u lor n u still act real
ham,one slice one breadstick lol
ham,happening gotten job begun registration permanent residency
ham,height confidence aeronautics professors wer calld amp wer askd 2 sit aeroplane aftr sat wer told dat plane ws made students dey hurried plane bt 1 didnt move said made students wont even start datz confidence
ham,ha us e thing got tv 2 watch u thk 2 go tonight u already haf smth mind
ham,move morphine
ham,r home come within 5 min
ham,like think always possibility pub later
ham,hey around got enough half ten owe
ham,love come took long leave zaher got words ym happy see sad left miss
ham,1 reach home call
ham,searching right words thank breather promise wont take help granted fulfil promise wonderful blessing times
ham,ahhh work vaguely remember feel like lol
ham,ya srsly better yi tho
ham,got called tool
ham,didnt search online let know
ham,u fix teeth asap ok take care
ham,looks like u wil b getting headstart im leaving bout 2 30ish u r desperate company could head earlier goin meet rummer
ham,garbage bags eggs jam bread hannaford wheat chex
ham,angry happen dear
ham,take something pain moves however side next 6hrs see doctor
ham,dont pick call something important tell hrishi
ham,want sent lt gt mesages today thats sorry hurts
ham,super msg da nalla timing
ham,sos amount get pls
spam,sms ac sptv new jersey devils detroit red wings play ice hockey correct incorrect end reply end sptv
ham,sun anti sleep medicine
ham,think waiting bus inform get ever get
ham,leave de start prepare next
ham,also knows lunch menu da know
ham,ee msg na poortiyagi odalebeku hanumanji 7 name 1 hanuman 2 bajarangabali 3 maruti 4 pavanaputra 5 sankatmochan 6 ramaduth 7 mahaveer ee 7 name lt gt janarige ivatte kalisidare next saturday olage ondu good news keluviri maretare inde 1 dodda problum nalli siguviri idu matra lt gt true neglet
ham,good night dear sleepwell amp take care
ham,u sound like manky scouse boy steve like travelling da bus home wot u inmind 4 recreation dis eve
ham,ok ill tell company
ham,want see pretty pussy
ham,hen night going swing
ham,hurry home u big butt hang last caller u food done starving ask cooked
ham,plan
ham,gonna home soon want talk stuff anymore tonight k cried enough today
ham,great run ttyl
ham,lol yes add spice day
ham,nothing ever easy looking reason take risk life love
ham,especially since talk boston personal statement lol woulda changed realized said nyc says boston
ham,mom wants know
ham,cool text
ham,da today also forgot
ham,gonna blake night might able get little early
spam,urgent call 09066350750 landline complimentary 4 ibiza holiday 10 000 cash await collection sae cs po box 434 sk3 8wp 150 ppm 18
ham,outside islands head towards hard rock run
ham,dude got haircut breezy
ham,u wan 2 haf lunch da canteen
ham,much bad avoid like
ham,oh k placement ah
ham,lol would despite cramps like girl
ham,thank god bed
ham,gibbs unsold mike hussey
ham,thanks love torch bold
ham,yet ya sapna aunty manege day hogidhe chinnu full weak swalpa black agidhane
ham,k k sister kids
ham,yes glad made
ham,cool night lemme know around
ham,yes princess want make happy
ham,yup remb think book
ham,going good problem still need little experience understand american customer voice
spam,urgent trying contact u todays draw shows 2000 prize guaranteed call 09066358361 land line claim y87 valid 12hrs
ham,take care n get well soon
ham,shall come get pickle
ham,oops 4 got bit
spam,great new offer double mins double txt best orange tariffs get latest camera phones 4 free call mobileupd8 free 08000839402 2stoptxt cs
spam,free entry 2 weekly comp chance win ipod txt pod 80182 get entry std txt rate c apply 08452810073 details 18
ham,printer cool mean groovy wine groovying
ham,ok let u noe leave house
ham,two letters copy cos one message speak soon
ham,gimme lt gt minutes ago
ham,rather prominent bite mark right cheek
ham,said would woke
ham,checking really miss seeing jeremiah great month
ham,got c lazy type forgot lect saw pouch like v nice
ham,yet chikku k wat abt tht guy stopped irritating msging u
ham,nice new shirts thing wear nudist themed mu
ham,k sure get noon see
ham,k k good going
ham,r u cooking dinner
ham,god bless get good sleep dear pray
ham,hello boytoy geeee miss already woke wish bed cuddling love
ham,140 ard rest ard 180 least price 4 2 bedrm 900
ham,pls give prometazine syrup 5mls lt gt mins later feed
ham,nervous lt gt
spam,collect valentine weekend paris inc flight hotel 200 prize guaranteed text paris 69101 www rtf sphosting com
ham,hi keen go kind feel go tomo mind
spam,moby pub quiz win 100 high street prize u know new duchess cornwall txt first name 82277 unsub stop 1 50 008704050406 sp arrow
spam,donate 2 50 unicef asian tsunami disaster support fund texting donate 864233 2 50 added next bill
ham,dont know bring food
ham,yo know anyone lt gt otherwise able buy liquor guy flaked right get hold somebody 4 loko night
ham,great church holla get
spam,buy space invaders 4 chance 2 win orig arcade game console press 0 games arcade std wap charge see o2 co uk games 4 terms settings purchase
spam,freemsg feelin kinda lnly hope u like 2 keep company jst got cam moby wanna c pic txt reply date 82242 msg150p 2rcv hlp 08712317606 stop 82242
ham,ask princess
ham,waking 4 afternoon sup
ham,hi jon pete ive bin 2 spain recently hav sum dinero left bill said u ur rents mayb interested hav 12 000pes around 48 tb james
ham,got arrested possession shit lt time gt pm
ham,make baby yo tho
ham,hello drivby 0quit edrunk sorry iff pthis makes senrd dnot dancce 2 drum n basq ihave fun 2nhite x ros xxxxxxx
ham,hows favourite person today r u workin hard sleep last nite nearly rang u 4 30
ham,play w computer aiyah tok 2 u lor
ham,uworld site buying qbank buying self assessment also
ham,yar quite clever aft many guesses lor got ask 2 bring thk darren willing 2 go aiya thk leona still attach wat
spam,welcome select o2 service added benefits call specially trained advisors free mobile dialling 402
ham,imagine finally get sink bath put paces maybe even eat left also imagine feel cage cock surrounded bath water reminding always owns enjoy cuck
ham,brother transfered lt gt lt gt pa
ham,convey regards
spam,dear voucher holder claim weeks offer pc please go http www e tlp co uk expressoffer ts cs apply stop texts txt stop 80062
ham,haha mayb u rite u know well da feeling liked someone gd lor u faster go find one gals group attached liao
ham,call like lt gt times oh give us hypertension oh
spam,congratulations ur awarded either 500 cd gift vouchers free entry 2 100 weekly draw txt music 87066 tncs www ldew com1win150ppmx3age16
ham,new theory argument wins situation loses person dont argue ur friends kick amp say always correct
ham,sorry lot friend friend stuff talk actual guy wants buy
ham,lol wtf random btw lunch break
ham,ok right later
ham,got seventeen pounds seven hundred ml hope ok
ham,made eta taunton 12 30 planned hope still okday good see xx
ham,cant talk call dont keep calling
ham,say slowly god love amp need clean heart blood send ten special people amp u c miracle tomorrow pls pls
ham,cutest girl world
spam,today offer claim ur 150 worth discount vouchers text yes 85023 savamob member offers mobile cs 08717898035 3 00 sub 16 unsub reply x
ham,u doin baby girl hope u okay every time call ure phone miss u get touch
ham,thanx 4 2day u r goodmate think ur rite sary asusual 1 u cheered love u franyxxxxx
ham,oops shower u called hey parking garage collapsed university hospital see crazy stuff like happen
spam,todays voda numbers ending 7548 selected receive 350 award match please call 08712300220 quoting claim code 4041 standard rates app
ham,spend days waiting ideal path appear front us forget paths made walking waiting goodnight
ham,well done luv ya
spam,current leading bid 151 pause auction send customer care 08718726270
ham,one teach ship cars
ham,means february april getting place stay hustle back forth audition season since sister moved away harlem
ham,sorry trouble u buy 4d dad 1405 1680 1843 2 big 1 small sat n sun thanx
ham,need say anything know outsider
ham,hospital da return home evening
spam,congrats 2 mobile 3g videophones r call 09063458130 videochat wid ur mates play java games dload polyph music noline rentl bx420 ip4 5we 150p
ham,fact leave think addie goes back school tues wed
ham,sorry mail
ham,heart empty without love mind empty without wisdom eyes r empty without dreams amp life empty without frnds alwys touch good night amp sweet dreams
ham,check rooms befor activities
spam,83039 62735 450 uk break accommodationvouchers terms conditions apply 2 claim mustprovide claim number 15541
ham,ill little closer like bus stop street
ham,sir waiting call free please call
ham,nice nice working
ham,u want come back beautiful necklace token heart thats give wife liking see one give dont call wait till come
ham,hi spoke maneesha v like know satisfied experience reply toll free yes
ham,per request maangalyam alaipayuthe set callertune callers press 9 copy friends callertune
spam,urgent mobile 07xxxxxxxxx 2 000 bonus caller prize 02 06 03 2nd attempt reach call 09066362231 asap box97n7qp 150ppm
ham,k give back thanks
ham,whos class
ham,science tells chocolate melt sunlight please walk sunlight bcoz want loss sweet friend
ham,wish u many many returns day happy birthday vikky
ham,free give otherwise nalla adi entey nattil kittum
ham,sure make sure knows smokin yet
ham,im wondering right
ham,today song dedicated day song u dedicate send ur valuable frnds first rply
ham,nt goin got somethin unless meetin 4 dinner lor haha wonder go tis time
ham,2 babe feel lets 4get try cheer fit soo muchxxlove u locaxx
ham,yep fine 7 30 8 30 ice age
spam,congrats nokia 3650 video camera phone call 09066382422 calls cost 150ppm ave call 3mins vary mobiles 16 close 300603 post bcm4284 ldn wc1n3xx
ham,makes happy
ham,dont think need yellow card uk travel ask someone gone lt gt bucks
ham,mum repent
ham,know god created gap fingers one made comes amp fills gaps holding hand love
ham,thank u
spam,prize go another customer c www c biz 18 150p min polo ltd suite 373 london w1j 6hl please call back busy
ham,k fyi x ride early tomorrow morning crashing place tonight
ham,aft finish lunch go str lor ard 3 smth lor u finish ur lunch already
ham,got got 2 colours lor one colour quite light n e darker lor actually done styling hair
ham,wait 2 min stand bus stop
ham,somewhere beneath pale moon light someone think u dreams come true goodnite amp sweet dreams
ham,oh ok
ham,enjoying semester take care brother
ham,ya told asking wats matter
ham,really need shit tomorrow know awake like 6
ham,5 nights nt staying port step liao ex
ham,aight head
spam,free2day sexy st george day pic jordan txt pic 89080 dont miss every wk saucy celeb 4 pics c pocketbabe co uk 0870241182716 3 wk
ham,guess lt gt min
spam,freemsg hey buffy 25 love satisfy men home alone feeling randy reply 2 c pix qlynnbv help08700621170150p msg send stop stop txts
spam,santa calling would little ones like call santa xmas eve call 09058094583 book time
ham,message responce happend
ham,hungry buy smth home
ham,neft transaction reference number lt gt rs lt decimal gt credited beneficiary account lt gt lt time gt lt gt
ham,finished missing plenty
ham,ill 3 mins look
ham,usually body takes care buy making sure doesnt progress pls continue talk saturday
ham,pls ask macho much budget bb bold 2 cos saw new one lt gt dollars
ham,guai shd haf seen naughty free today go jogging
ham,fret buy ovulation test strips send wont get til like march send postal address u alright okay
ham,put stuff roads keep getting slippery
ham,wait still clear sure sarcastic x want live us
ham,single line big meaning miss anything 4 ur best life miss ur best life anything gud nyt
ham,love holiday monday feeling even go dentists hour
spam,thanks ringtone order reference number x49 mobile charged 4 50 tone arrive please call customer services 09065989182 colour red text colour txtstar
ham,used hope agents drop since booked things year whole boston nyc experiment
spam,hi lucy hubby meetins day fri b alone hotel u fancy cumin pls leave msg 2day 09099726395 lucy x calls 1 minmobsmorelkpobox177hp51fl
ham,texted finished long time ago showered er ything
ham,boy best get yo ass quick
ham,dear cherthala case u r coming cochin pls call bfore u start shall also reach accordingly tell day u r coming tmorow engaged ans holiday
ham,sorry missed call please call back
ham,hi hope ur day good back walk table booked half eight let know ur coming
ham,nice nice working
ham,umma life vava umma love lot dear
ham,worse uses half way stops better complete
ham,okay thought expert
spam,free entry 250 weekly comp send word win 80086 18 c www txttowin co uk
ham,storming msg wen u lift phne u say hello u knw wt real meaning hello name girl yes u knw dat girl margaret hello girlfrnd f grahmbell invnted telphone moral one 4get name person bt girlfrnd g n g h
spam,important customer service announcement premier call freephone 0800 542 0578
ham,hope ur head hurt 2 much ploughing way pile ironing staying chinky tonight come round like
ham,found enc lt gt
ham,home please call
ham,ok careful text drive
ham,haha heard text around
ham,please da call mistake side sorry da pls da goto doctor
ham,hey babe saw came online second disappeared happened
ham,dunno da next show aft 6 850 toa payoh got 650
ham,ur lecture
ham,world happiest frnds never characters dey best understanding differences
ham,good stuff
ham,like spoiled
ham,appt lt time gt fault u listen told u twice
ham,ok good making money
ham,good afternoon babe goes day job prospects yet miss love sighs
ham,ok chinese food way get fat paying lipo
spam,ur chance win 250 wkly shopping spree txt shop 80878 c www txt 2 shop com custcare 08715705022 1x150p wk
ham,none nowhere ikno doesdiscount shitinnit
ham,easy mate guess quick drink bit ambitious
ham,u wan 2 come dinner tonight
spam,last chance claim ur 150 worth discount vouchers today text shop 85023 savamob offers mobile cs savamob pobox84 m263uz 3 00 sub 16
ham,world running still maybe feeling admit mad correction let call life keep running world may u r also running lets run
ham,fighting world easy u either win lose bt fightng some1 close u dificult u lose u lose u win u still lose
ham,happened yo date
ham,performance award calculated every two month current one month period
ham,hello madam
ham,pls go today lt gt dont want excuses
ham,thk em find wtc far weiyi goin e rest dunno yet r ur goin 4 dinner den might b able join
spam,someone u know asked dating service 2 contact cant guess call 09058095107 revealed pobox 7 s3xy 150p
ham,u know stubborn even want go hospital kept telling mark weak sucker hospitals weak suckers
ham,well still bit left guys want tonight
ham,princess
ham,fighting world easy u either win lose bt fightng some1 close u dificult u lose u lose u win u still lose
spam,buy space invaders 4 chance 2 win orig arcade game console press 0 games arcade std wap charge see o2 co uk games 4 terms settings purchase
ham,depends u going lor
ham,valentine game send dis msg ur friends 5 answers r someone really loves u ques colour suits best
ham,nope meanwhile talk say make greet
ham,aiyar u poor thing give u support k jia think u
ham,greetings consider excused
ham,one joys lifeis waking daywith thoughts somewheresomeone cares enough tosend warm morning greeting
ham,yup free
ham,coming home 4 dinner
ham,k k congratulation
ham,please sen kind advice please come try
ham,yet chikku wat abt u
ham,finished eating got u plate leftovers time
ham,dont know oh
ham,also chat awesome make regular unless see person
ham,gonna way specific
ham,say like dat dun buy ericsson oso cannot oredi lar
ham,thinking going reg pract lessons flung advance haha wat time u going
ham,sometimes put walls around hearts safe getting hurt find cares enough break walls amp get closer goodnoon
ham,yeah jay sort fucking retard
ham,whats staff name taking class us
ham,much cost approx per month
ham,cool text ready
ham,send resume
ham,looked addie goes back monday sucks
ham,princess bet brothas chasing
spam,500 new mobiles 2004 must go txt nokia 89545 collect today 1 www 4 tc biz 2optout 087187262701 50gbp mtmsg18
ham,change windows logoff sound
ham,wan early lei outside wun b home early neva mind
ham,ok
ham,know dad back
ham,dude makin weirdy brownies sister made awesome cookies took pics
spam,urgent call 09066649731from landline complimentary 4 ibiza holiday 10 000 cash await collection sae cs po box 434 sk3 8wp 150ppm 18
ham,still playing gautham
ham,talk
ham,leave wif lar wan carry meh heavy da num 98321561 familiar
ham,guess useless calling u 4 something important
ham,feb lt gt love u day send dis ur valued frnds evn 3 comes back u gt married person u luv u ignore dis u lose ur luv 4 evr
ham,hmm dunno leh mayb bag 4 goigng dat small jus anything except perfume smth dat keep
ham,open rebtel firefox loads put plus sign user name place show two numbers lower number number pick number pin display okay
ham,think disturbing da
ham,oh great disturb talk
ham,hmm bits pieces lol sighs
ham,good morning repair shop reason hour
ham,wat happened cruise thing
ham,exact intentions
ham,love aathi love u lot
ham,current food alone also
ham,day asked anand number
ham,diet ate 1 many slices pizza yesterday ugh always diet
ham,princess like make love lt gt times per night hope thats problem
ham,26th july
ham,nothing spl wat abt u whr ru
ham,didnt get anything da
ham,taste fish curry p
ham,faith makes things possible hope makes things work love makes things beautiful may three christmas merry christmas
ham,ok april cant wait
ham,pattern recently crap weekends
ham,ok stay night xavier sleeping bag getting tired
ham,shall call dear food
ham,yeah got one lined us
ham,good baby
ham,mm time dont like fun
ham,number u live 11
ham,training tomorrow
ham,call da waiting call
ham,ride equally uneventful many pesky cyclists around time night
ham,hi think match
ham,yeah gang ready
spam,u selected stay 1 250 top british hotels nothing holiday valued 350 dial 08712300220 claim national rate call bx526 sw73ss
ham,sounds good fingers makes difficult type
ham,use soc use home dunno 2 type word ar
ham,dog must always wait till end day word run time cell already
ham,work going min
ham,want grasp pretty booty
ham,released vday shirts u put makes bottom half naked instead white underwear
ham,sorry got late start way
ham,well gonna finish bath good fine night
spam,hi sue 20 years old work lapdancer love sex text live bedroom text sue 89555 textoperator g2 1da 150ppmsg 18
ham,dude im longer pisces im aquarius
ham,erm woodland avenue somewhere get parish magazine telephone number
ham,got new year cos yetunde said wanted surprise didnt see money returned mid january lt gt day return period ended
ham,k k good study well
ham,sis catching e show e afternoon watching w c u wan 2 watch today tmr lor
ham,cos darren say considering mah ask
ham,ya nice ready thursday
ham,huh 6 also cannot many mistakes
ham,much buzy
ham,great office today
spam,eastenders tv quiz flower dot compare violet e tulip f lily txt e f 84025 4 chance 2 win 100 cash wkent 150p16
ham,ok
ham,ok may free gym
ham,understand loss gain work school
ham,see knew giving break times woul lead always wanting miss curfew gonna gibe til one midnight movie gonna get til 2 need come home need getsleep anything need b studdying ear training
ham,kindly send one flat lt decimal gt today
spam,urgent trying contact last weekends draw shows 900 prize guaranteed call 09061701939 claim code s89 valid 12hrs
ham,prabha soryda realy frm heart sory
ham,mobile number pls sms ur mail id convey regards achan amma rakhesh qatar
ham,realise busy guy trying bother get exams outta way try cars gr8 day
ham,haha yeah see sec
ham,reading text sent meant joke read light
ham,rushing working school rush go hungry
ham,hey gorgeous man work mobile number good one babe squishy mwahs
ham,think thanks see tomo
ham,seeing missed call dear brother gr8 day
ham,asking u knw nt may ur frnds classmates
ham,nothing got msg frm tht unknown
ham,got looks scrumptious daddy wants eat night long
ham,gone get info bt dont know
ham,way going back
ham,sister law hope great month saying hey abiola
ham,town jus take mrt later
ham,yo yo yo byatch whassup
ham,pure hearted person wonderful smile makes even enemies feel guilty enemy catch world smile goodmorning amp smiley sunday
ham,full heat pa applyed oil pa
ham,told dr appt next week thinks gonna die told check nothing worried listen
ham,ah well confuses things
ham,yes gauti sehwag odi series
ham,excellent wish together right
ham,confirm eating esplanade
ham,hmph go head big baller
ham,messages phone holding
spam,want new video phone 600 anytime network mins 400 inclusive video calls downloads 5 per week free deltomorrow call 08002888812 reply
ham,hey almost forgot happy b day babe love ya
ham,flippin shit yet
ham,theyre lots places hospitals medical places safe
ham,yup leaving right back soon
ham,like hotel dusk game think solve puzzles area thing
ham,increase chance winning
ham,says hi get ass back south tampa preferably kegger
ham,time coming later
ham,awesome text restocked
ham,pls confirm time collect cheque
ham,mystery solved opened email sent another batch sweetie
ham,u find sitter kaitlyn sick slept day yesterday
spam,summers finally fancy chat flirt sexy singles yr area get matched reply summer free 2 join optout txt stop help08714742804
ham,problem talk later
spam,hot live fantasies call 08707500020 20p per min ntt ltd po box 1327 croydon cr9 5wb 0870 national rate call
ham,hey got mail
ham,weather
ham,wonder phone battery went dead tell love babe
ham,told accenture confirm true
ham,stayin trouble stranger saw dave day sorted still bloke u gona get girl mr ur mum still thinks get 2getha
ham,r going send
ham,wat da decision
ham,everything weather keep extra warm cold nothing serious pls lots vitamin c
ham,said kiss kiss sound effects gorgeous man kind person needs smile brighten day
ham,still checked da
ham,getting back home
ham,time coming
ham,love start attraction feel need every time around first thing comes thoughts would start day end every time dream love every breath name life happen around life named would cry give happiness take sorrows ready fight anyone love craziest things love proove anyone girl beautiful lady whole planet always singing praises love start making chicken curry end makiing sambar life beautiful get every morning thank god day would like say lot tell later
ham,yup need jus wait 4 e rain 2 stop
ham,ok many buy
ham,go fool dont cheat others ok
ham,yup
ham,ok
ham,wanna art
ham,check got detailed message
spam,please call 08712402902 immediately urgent message waiting
ham,ta jobs available let know please cos really need start working
ham,gobi arts college
ham,actually fuck whatever find excuse tampa point january though
ham,number vivek
spam,74355 xmas iscoming ur awarded either 500 cd gift vouchers free entry 2 r 100 weekly draw txt music 87066 tnc
ham,ok lor ned 2 go toa payoh 4 2 return smth u wan 2 send wat
ham,much getting
ham,home doc gave pain meds says everything fine
ham,finished work yet
ham,today going college able atten class
ham,going sleep tired travel
spam,well done 4 costa del sol holiday 5000 await collection call 09050090044 toclaim sae tcs pobox334 stockport sk38xh cost 1 50 pm max10mins
spam,hello orange 1 month free access games news sport plus 10 free texts 20 photo messages reply yes terms apply www orange co uk ow
ham,many things antibiotic used chest abdomen gynae infections even bone infections
spam,reminder downloaded content already paid goto http doit mymoby tv collect content
ham,sorry man account dry would want could trade back half could buy shit credit card
ham,hey really pretty late want go lesson first join reaching tp mrt
ham,hi dear call urgnt know whats problem want work problem least tell wating reply
ham,looking forward sex cuddling two sleeps
ham,hi darlin kate u doin somethin tonight im going pub called swan something parents one drink phone u
ham,movie call 4 wat
ham,yar lor actually quite fast cos da ge slow wat haha
ham,tell thinking plus going stop runs
ham,left dessert u wan 2 go suntec look 4 u
ham,check audrey status right
ham,lor
ham,sorry call later
spam,free msg billed mobile number mistake shortcode 83332 please call 08081263000 charges refunded call free bt landline
ham,wa u efficient gee thanx
ham,wow v v impressed funs shopping
ham,bognor splendid time year
ham,cocksuckers makes feel better ipads worthless garbage novelty items feel bad even wanting one
spam,tddnewsletter emc1 co uk games thedailydraw dear helen dozens free games great prizeswith
ham,save stress person dorm account send account details money sent
ham,problem baby good time talk called left message
ham,photoshop makes computer shut
ham,come room cannot come house cos house still messy haha
ham,hope much fun without see u tomorrow love jess x
ham,finally came fix ceiling
ham,call tell infront call
ham,send bec temple na
spam,valued customer pleased advise following recent review mob awarded 1500 bonus prize call 09066364589
ham,becoz lt gt jan whn al post ofice holiday cn go fr post ofice got duffer
spam,u win 100 music gift vouchers every week starting txt word draw 87066 tscs www idew com skillgame 1winaweek age16 150ppermesssubscription
ham,poyyarikatur kolathupalayam unjalur post erode dis lt gt
ham,home please call
ham,th gower mate r u man good wales ill b back morrow c u wk msg 4 random
spam,urgent mobile number awarded 2000 prize guaranteed call 09058094455 land line claim 3030 valid 12hrs
ham,well right gonna get check today steam sales pee text want come get
ham,good afternon love today hope good maybe interviews wake miss babe passionate kiss across sea
ham,sent email address incomm right
ham,shit really shocking scary cant imagine second def night u think somewhere could crash night save taxi
spam,sms services inclusive text credits pls goto www comuk net login unsubscribe stop extra charge help 08700469649 po box420 ip4 5we
ham,yeah go bored depressed sittin waitin phone ring hope wind drops though scary
spam,3 free tarot texts find love life try 3 free text chance 85555 16 3 free msgs 1 50
ham,fine difficulties phone works mine pls send another friend request
ham,ball moving lot spin last difficult bat
ham,dun believe wat
ham,ok prob take ur time
ham,u make fb list
ham,putting ready lt time gt
ham,haha hope hear receipt sound gd luck
ham,okie scared u say fat u dun wan already
ham,lol always convincing
ham,guy bitching acted like interested buying something else next week gave us free
ham,hi b ard 4 christmas enjoy n merry x mas
spam,winner specially selected receive 1000 cash 2000 award speak live operator claim call 087147123779am 7pm cost 10p
ham,hey anyway
ham,yup msg tat yijue tot group mate cos meeting today mah askin leaving earlier wat mah cos mayb haf walk v far
ham,hi babe uawake feellikw shit justfound via aletter thatmum gotmarried 4thnov behind ourbacks fuckinnice selfish deviousbitch anyway l call u
ham,ok
ham,taught ranjith sir called sms like becaus hes verifying project prabu told today pa dont mistake
ham,living simple loving also simple laughing simple winning tooo simple simple difficult
spam,1 000 cash 2 000 prize claim call09050000327
ham,neither sterm voice studying fine sure thing resolved tho anyway fab hols
ham,watching house entertaining getting whole hugh laurie thing even stick indeed especially stick
ham,already got flaky parent snot supposed child job support parent ride age anyway supposed support hurt unintentional hurt nonetheless
ham,would u fuckin believe didnt know thurs pre booked cancelled needs b sacked
ham,sorry call later
ham,response one powerful weapon 2 occupy place others heart always give response 2 cares 4 u gud night swt dreams take care
spam,auction round 4 highest bid 54 next maximum bid 71 bid send bids e g 10 bid 10 83383 good luck
ham,watching cartoon listening music amp eve go temple amp church u
ham,lolnice went fish water
ham,anything special
ham,ok happen behave like
ham,make sure alex knows birthday fifteen minutes far concerned
ham,come room point iron plan weekend
ham,love cuddle want hold strong arms right
spam,oh god found number glad text back xafter msgs cst std ntwk chg 1 50
ham,ok lar u sleep early nite
ham,standing
ham,know yetunde sent money yet sent text bother sending dont involve anything imposed anything first place apologise
ham,takes away money worries
ham,rightio 11 48 well arent bright early morning
spam,2nd time tried contact u u 1450 prize claim call 09053750005 b4 310303 cs stop sms 08718725756 140ppm
spam,contacted dating service someone know find call land line 09050000878 pobox45w2tg150p
ham,haha cant tmr forfeit haha
ham,wat time finish
ham,coming home class right need work shower
ham,great hear settling well happenin wit ola
ham,hello thanx taking call got job starts monday
ham,hello yeah got bath need hair come done yeah
ham,course make stink
ham,u 2
ham,height recycling read twice people spend time earning money money spent spending time good morning keep smiling
spam,tried call reply sms video mobile 750 mins unlimited text free camcorder reply call 08000930705 del thurs
ham,ic lol play 9 doors sometime yo
ham,many people seems special first sight remain special till last sight maintain till life ends sh jas
ham,hope great new semester wish best made greatness
ham,ok least armand still around
ham,hi engagement fixd lt gt th next month know really shocking bt hmm njan vilikkam ws al sudn
ham,home lei
ham,yes reg ciao
ham,u come n search tat vid finishd
ham,life face choices toss coin becoz settle question coin air u know heart hoping gudni8
ham,10 min later k
ham,sis lor juz watched italian job
spam,urgent 4 costa del sol holiday 5000 await collection call 09050090044 toclaim sae tc pobox334 stockport sk38xh cost 1 50 pm max10mins
ham,food
ham,thanks yesterday sir wonderful hope enjoyed burial mojibiola
ham,aight work thanks
ham,de looking good
ham,ey calm downon theacusations itxt u cos iwana know wotu r doin thew end haventcn u ages ring ur up4 nething sat love j xxx
ham,sorry call later
ham,random saw old roomate campus graduated
ham,wish great semester
ham,come tomorrow di
ham,yeah hopefully tyler could maybe ask around bit
spam,got takes 2 take part wrc rally oz u lucozade energy text rally le 61200 25p see packs lucozade co uk wrc itcould u
ham,sending greetings joy happiness gr8 evening
ham,chinatown got porridge claypot rice yam cake fishhead beehoon either eat cheap den go cafe n tok go nydc somethin
ham,oh come ah
ham,one week leave put know time
ham,cancel cheyyamo get money back
ham,forgot takes 3 years shower sorry phone dead yet
ham,oh thanks lot already bought 2 eggs
ham,k wait chikku il send aftr lt gt mins
ham,way school pls send ashley number
ham,workin get job
ham,u got persons story
ham,taxt massage tie pos argh ok lool
ham,know watching film computer
ham,pic please send
ham,cool tyler take gonna buy drop place later tonight total order quarter got enough
ham,need coffee run tomo believe time week already
ham,oga left phone home saw ur messages hope good great weekend
ham,describe lucky actually awake noon
ham,need come home give good lovin
ham,stopped get ice cream go back
ham,u love someone dont make love u much u love much dont want loved anyone except gud nit
ham,yup anything lor u dun wan ok
ham,pls give food preferably pap slowly loads sugar take hour give water slowly
ham,u talking
ham,ok lor buy wat
ham,long get reply defer admission til next semester
ham,thanks hope good day today
ham,anyway think secure anything lemme know want drive south chill
ham,think tantrum finished yeah point
ham,k evening da urgent
ham,c movie juz last minute decision mah juz watch 2 lar tot interested
ham,thank like well
ham,sweetheart hope kind day one loads reasons smile biola
ham,hello darlin ive finished college txt u finish u love kate xxx
ham,today accept day u accept brother sister lover dear1 best1 clos1 lvblefrnd jstfrnd cutefrnd lifpartnr belovd swtheart bstfrnd rply means enemy
ham,hi darlin youphone im athome youwanna chat
ham,sorry man stash ran dry last night pick sunday
spam,guaranteed latest nokia phone 40gb ipod mp3 player 500 prize txt word collect 83355 ibhltd ldnw15h 150p mtmsgrcvd18
ham,news hassling get weed week andres money haughaighgtujhyguj
ham,mmm yummy babe nice jolt suzy
ham,aight pick open tonight
ham,wat time u finish ur lect today
ham,yeah sure give couple minutes track wallet
ham,hey sathya till dint meet even single time saw situation sathya
spam,tbs persolvo chasing us since sept 38 definitely paying thanks information ignore kath manchester
ham,sort code acc bank natwest reply confirm sent right person
ham,mostly like
ham,hoping would send message rent due dont enough reserves completely gone loan need hoping could balance lt gt way could get till mid march hope pay back
ham,want send something sell fast lt gt k easy money
ham,nope juz work
ham,gonna pick 1 burger way home even move pain killing
ham,like personal sized
ham,nah dub je still buff
ham,swhrt u dey hope ur ok tot u 2day love n miss take care
ham,oh yeah forgot u take 2 shopping
ham,started skye
ham,day class class
ham,cool want go kappa meet outside mu
ham,call lt gt min thats ok
spam,guaranteed 1000 cash 2000 prize claim yr prize call customer service representative
ham,first time history need comfort luxury sold price india onion rs lt gt petrol rs lt gt beer rs lt gt shesil lt gt
ham,lt gt fast approaching wish u happy new year happy sankranti happy republic day happy valentines day happy shivratri happy ugadi happy fools day happy may day happy independence day happy friendship mother father teachers childrens day amp happy birthday 4 u happy ganesh festival happy dasara happy diwali happy christmas lt gt good mornings afternoons evenings nights rememberi first wishing u raj
spam,urgent 2nd attempt contact u 900 prize yesterday still awaiting collection claim call 09061702893
ham,checked heading drop stuff
ham,r u meeting da ge nite tmr
ham,oh ho first time u use type words
ham,jesus christ bitch trying give drugs answer fucking phone
ham,howz persons story
ham,boooo always work quit
ham,able anything
ham,eldest know
ham,moji love words rich day
ham,mathews tait edwards anderson
ham,yes outside like 2 hours called whole family wake cause started 1
ham,dont gimme lip caveboy
spam,wamma get laid want real doggin locations sent direct mobile join uks largest dogging network txt dogs 69696 nyt ec2a 3lp 1 50 msg
ham,love girls office may wonder smiling sore
ham,keep ten rs shelf buy two egg
ham,head straight
ham,cheers lou yeah goodnite shame u neva came c ya gailxx
ham,get hep b immunisation nigeria
ham,thats cool day
ham,dear got train seat mine lower seat
ham,u dun drive go 2 sch
spam,hard live 121 chat 60p min choose girl connect live call 09094646899 cheap chat uk biggest live service vu bcm1896wc1n3xx
ham,thinking chuckin ur red green n black trainners 2 save carryin bac train
spam,free msg sorry service ordered 81303 could delivered sufficient credit please top receive service
ham,ujhhhhhhh computer shipped address sandiago parantella lane wtf poop
ham,get library
ham,sure night menu know noon menu
ham,hello hello hi lou sorry took long 2 reply left mobile friends lancaster got bak neway im sorry make ur b day 2 hun
spam,important customer service announcement call freephone 0800 542 0825
ham,life strict teacher bcoz teacher teaches lesson amp conducts exam life first conducts exam amp teaches lessons happy morning
ham,wondarfull song
ham,hm good morning headache anyone
ham,u lunch alone bored
ham,give one miss number please
spam,2nd time tried 2 contact u u 750 pound prize 2 claim easy call 08718726970 10p per min bt national rate
spam,1 nokia tone 4 ur mob every week txt nok 87021 1st tone free get txtin tell ur friends 150p tone 16 reply hl 4info
spam,urgent mobile 077xxx 2 000 bonus caller prize 02 06 03 2nd attempt reach call 09066362206 asap box97n7qp 150ppm
ham,yo chad gymnastics class wanna take site says christians class full
ham,mm kanji dont eat anything heavy ok
spam,urgent please call 0906346330 abta complimentary 4 spanish holiday 10 000 cash await collection sae cs box 47 po19 2ez 150ppm 18
ham,get dump heap mom decided come lowes boring
ham,training manual show tech process password reset troubleshooting
ham,yes chatting
ham,go tell friend sure want live smokes much spend hours begging come smoke
ham,sorry never hear unless book one kinda joke thet really looking skinny white girls one line much camera something like casting look
ham,congrats great wanted tell tell score cos might make relax motivating thanks sharing
ham,hi love goes day fuck morning woke dropped cell way stairs seems alright phews miss
ham,pride almost lt gt years old takin money kid supposed deal stuff grownup stuff tell
ham,go jurong point crazy available bugis n great world la e buffet cine got amore wat
ham,honeybee said sweetest world god laughed amp said wait u havnt met person reading msg moral even god crack jokes gm gn ge gn
spam,promotion number 8714714 ur awarded city break could win 200 summer shopping spree every wk txt store 88039 skilgme tscs087147403231winawk age16 1 50perwksub
ham,dear mood cant drive brother drive
ham,broke list reasons nobody town tell sarcastic faggy
ham,da birthdate certificate april real date today dont publish shall give special treat keep secret way thanks wishes
ham,surely dont forgot come always touch
ham,sorry vikky watching olave mandara movie kano trishul theatre wit frnds
ham,good afternoon sexy buns goes job search wake first thought always love wish fine happy know adore
ham,use foreign stamps country
ham,call carlos phone vibrate acting might hear texts
ham,aldrine rakhesh ex rtm pls call urgent
ham,necessarily expect done get back though headin
ham,arngd marriage u r walkin unfortuntly snake bites u bt love marriage dancing frnt snake amp sayin bite bite
ham,buy blackberry bold 2 torch buy new used let know plus saying buy lt gt g wifi ipad saying lt gt g
ham,join lt gt bus
ham,oic saw tot din c found group liao
ham,haha get used driving usf man know lot stoners
ham,hello handsome finding job lazy working towards getting back net mummy boytoy miss
ham,ok lor wat time finish
ham,men always needs beautiful intelligent caring loving adjustable cooperative wife law allows one wife
ham,place want da
ham,call later network urgnt sms
ham,okey dokey swashbuckling stuff oh
spam,camera awarded sipix digital camera call 09061221066 fromm landline delivery within 28 days
ham,remind hrs
ham,er yep sure props
ham,pls full name joke school cos fees university florida seem actually lt gt k pls holla back
spam,free 1st week no1 nokia tone 4 ur mobile every week txt nokia 8077 get txting tell ur mates www getzed co uk pobox 36504 w45wq 16 norm150p tone
ham,great never better day gives even reasons thank god
ham,k best congrats
ham,somewhere fredericksburg
ham,much buzy
ham,yeah barely enough room two us x many fucking shoes sorry man see later
ham,kallis wont play first two odi
ham,thank much skyped wit kz sura didnt get pleasure company hope good given ultimatum oh countin aburo enjoy
ham,take us shopping mark distract isaiah
ham,huh cant go 2 ur house empty handed right
ham,awww dat sweet think something nice time tonight ill probably txt u later cos im lonely xxx
ham,need get
ham,reach ard 20 mins ok
ham,lt gt mca conform
ham,watching movie already xy wants 2 shop shopping w
ham,picked receipt something earlier
ham,hi hope u r ok said would text u seen let gently please
ham,sorry dude dont know forgot even dan reminded sorry hope guys fun
ham,ever green quote ever told jerry cartoon person irritates u always one loves u vry much fails express gud nyt
ham,reached home tired come tomorro
ham,nice pubs near frankie n bennys near warner cinema
ham,go home first lar wait 4 lor put stuff first
ham,u coming back 4 dinner rite dad ask confirm wif u
ham,feel mr real valentine yo valentine even tho u hardly play
ham,dai da send resume id
ham,sorry meeting call later
ham,coming whatever want
ham,btw regarding really try see anyone else 4th guy commit random dude
ham,hope settled new school year wishin gr8 day
ham,sent part
ham,probably lt gt
spam,freemsg replied text randy sexy female live local luv hear u netcollex ltd 08700621170150p per msg reply stop end
spam,winner specially selected receive 1000 cash 2000 award speak live operator claim call 087123002209am 7pm cost 10p
ham,serious money base
ham,serious like proper tongued
spam,free tones hope enjoyed new content text stop 61610 unsubscribe help 08712400602450p provided tones2you co uk
ham,boat still moms check yo half naked
ham,nt driving even many reasons called bbd thts chikku hw abt dvg cold heard tht vinobanagar violence hw condition hw ru problem
ham,home way
ham,yo dude guess got arrested day
ham,alex knows guy sells mids south tampa think could set like 8
ham,use foreign stamps whatever send
ham,chikku nt yet ya free
ham,aah cuddle would lush need lots tea soup kind fumbling
spam,chance reality fantasy show call 08707509020 20p per min ntt ltd po box 1327 croydon cr9 5wb 0870 national rate call
ham,get home
ham,drama pls enough family struggling hot sun strange place reason ego going invited actually necessity go wait serious reppurcussions
ham,gud mrng dear hav nice day
ham,yup thk e shop closes lor
spam,urgent mobile 07808726822 awarded 2 000 bonus caller prize 02 09 03 2nd attempt contact call 0871 872 9758 box95qu
ham,hey company elama po mudyadhu
ham,good afternoon love goes day sleep hope well boytoy think
ham,ard 6 like dat lor
ham,r giving second chance rahul dengra
ham,take post come must 1000s texts happy reading one wiv hello caroline end favourite bless
ham,nvm going wear sport shoes anyway going late leh
spam,congrats 2 mobile 3g videophones r call 09063458130 videochat wid mates play java games dload polyph music noline rentl
ham,say slowly god love amp need clean heart blood send ten special people amp u c miracle tomorrow pls pls
ham,carlos minute still need buy
ham,actor work work evening sleep late since unemployed moment always sleep late unemployed every day saturday
ham,dhoni luck win big title win
ham,anyway seriously hit back otherwise light armand always shit vomiting
ham,one good partnership going take lead
ham,god picked flower dippeditinadew lovingly touched itwhichturnedinto u gifted tomeandsaid friend 4u
spam,contacted dating service someone know find call mobile landline 09064017305 pobox75ldns7
ham,registered sinco payee log icicibank com enter urn lt gt confirm beware frauds share disclose urn anyone
ham,anything specific regards jaklin idk fuck
ham,ryder unsold gibbs
ham,aathi dear
ham,hey inconvenient sis huh
ham,remember day
ham,abeg make profit start using get sponsors next event
ham,someone year lt gt toyota camry like mr olayiwola mileage lt gt k clean need know much sell raise dough soon landing sell holla back
ham,ok need tell anything going sleep good night
ham,sorry call later meeting
ham,end might still vomit okay everything come
ham,gud mrng dear hav nice day
ham,oh ok wat ur email
ham,dont search love let love find u thats called falling love bcoz u dont force u fall u know smeone hold u bslvyl
ham,yeah sure leave min
ham,yeah go bed back midnight
ham,remains bro amongst bros
ham,bad girl still remember
ham,tell quite long cos finish film yet
ham,seriously tell exact words right
ham,catch bus frying egg make tea eating mom left dinner feel love
ham,anything lor u decide
ham,many company tell language
ham,really crashed cuddled sofa
ham,daddy shu shu looking 4 u u wan 2 tell u singapore wat
spam,customer service announcement recently tried make delivery unable please call 07099833605 schedule ref 9280114
ham,b going esplanade fr home
ham,bruce b downs amp fletcher
ham,bluray player
ham,purity friendship two smiling reading forwarded message smiling seeing name gud evng
ham,talk others probably come early tomorrow
ham,oh k got job whats
ham,come tomorrow di
ham,de seeing online shop asked
ham,yes princess want catch big strong hands
ham,sent send
ham,come online today night
ham,bookedthe hut also time way
ham,u studying sch going home anyway b going 2 sch later
ham,bit ur smile hppnss drop ur tear sorrow part ur heart life heart like mine wil care u forevr goodfriend
ham,k must book huh going yoga basic sunday
spam,u secret admirer reveal thinks u r special call 09065174042 opt reply reveal stop 1 50 per msg recd cust care 07821230901
ham,lol real told dad cancer
ham,wat da model num ur phone
ham,heard anything answering texts guessing flaked said jb fantastic
ham,want show world princess europe
ham,jay says put lt gt
ham,hi way u 2day normal way real ur unique hope know u 4 rest mylife hope u find wot lost
ham,nt joking seriously told
ham,po de need job aha
ham,yar lor keep raining non stop u wan 2 go elsewhere
ham,people see msgs think iam addicted msging wrong bcoz know iam addicted sweet friends bslvyl
ham,yeah leave couple minutes amp let know get mu
ham,calls messages missed calls
ham,2marrow wed lt gt 2 aha
ham,sorry de went shop
ham,oops let know roommate done
ham,submitting da project tmr rite
ham,u call lunch
ham,sister cleared two round birla soft yesterday
ham,say hi drugdealer
ham,hi dear saw dear happy battery low
ham,japanese proverb one u none u must indian version one let none leave finally kerala version one stop none make strike
ham,train back northampton afraid
ham,cant pick phone right pls send message
ham,wif family booking tour package
ham,gonna let know cos comes bak holiday day coming t4get2text number
ham,going bath msg next lt gt min
ham,aww first time u said u missed without asking missed u first love
ham,reach ur home lt gt minutes
ham,good evening ttyl
ham,yup shd haf ard 10 pages add figures got many pages
ham,need details online job
ham,hey veggie pizza
spam,check choose babe videos sms shsex netun fgkslpopw fgkslpo
ham,gud ni8 dear slp well take care swt dreams muah
ham,come ur home
ham,thanks talk saturday dear cherish brother role model
ham,send print outs da
ham,yeah got list u joanna feeling really anti social
ham,go chase run crossing street
ham,happy new year 1 man
ham,use foreign stamps country good lecture
ham,horrible u eat macs eat u forgot abt already rite u take long 2 reply thk toot b4 b prepared wat shall eat
ham,yeah quite bit left swing tomorrow get
ham,know jack shit anything say ask something helpful want pretend text whatever response hypotheticalhuagauahahuagahyuhagga
ham,dont message offer
ham,hello site download songs urgent pls
ham,kallis home ground amla home town durban
ham,
ham,wen ur lovable bcums angry wid u dnt take seriously coz angry childish n true way showing deep affection care n luv kettoda manda nice day da
ham,shuhui bought ron present swatch watch
ham,smile pleasure smile pain smile trouble pours like rain smile sum1 hurts u smile becoz someone still loves see u smiling
ham,place get rooms cheap
ham,well general price lt gt oz let know much want
ham,stitch trouser
ham,thanks fills complete calm reassurance
ham,en chikku nange bakra msg kalstiya tea coffee
spam,got takes 2 take part wrc rally oz u lucozade energy text rally le 61200 25p see packs lucozade co uk wrc itcould u
ham,hiya last night naughty bought clothes little ready shopping tho kind time wanna meet
spam,ree entry 2 weekly comp chance win ipod txt pod 80182 get entry std txt rate c apply 08452810073 details 18
ham,aight sorry take ten years shower plan
ham,tall princess
ham,like dis sweater fr mango size already irritating
ham,never blame day ur life good days give u happiness bad days give u experience essential life gods blessings good morning
ham,k happen tonight
spam,weeks savamob member offers accessible call 08709501522 details savamob pobox 139 la3 2wu 1 50 week savamob offers mobile
ham,im realy soz imat mums 2nite 2moro
ham,take mokka players
ham,fair enough anything going
ham,coming back thursday yay gonna ok get money cheers oh yeah everything alright hows school call work
ham,need coz never go
spam,winner valued network customer selected receivea 900 prize reward claim call 09061701461 claim code kl341 valid 12 hours
ham,yunny goin late
ham,make 3 4 fucks sake x
ham,text doesnt reply let know log
spam,filthy stories girls waiting
ham,day working day except saturday sunday
ham,got mail panren paru
spam,win 200 shopping spree every week starting 2 play text store 88039 skilgme tscs08714740323 1winawk age16 1 50perweeksub
ham,means still think teju
ham,look back building coat want get sick hurry home wear coat gym
ham,date sunday
ham,really really broke oh amount small even lt gt
ham,plane give month end
ham,hi kate evening hope see tomorrow bit bloody babyjontet txt back u xxx
ham,hanging brother family
ham,yes princess toledo
ham,life means lot love life love people life world calls friends call world ge
ham,fine hope also
ham,evening v good somewhat event laden fill worry head ok throat wrecked see six
ham,mostly sports type lyk footbl crckt
ham,yeah work fine started last week stuff dull easy guys fun
ham,k much 8th fifty
ham,ho ho big belly laugh see ya tomo
ham,could ask carlos could get anybody else chip
ham,aight still want get money
ham,ok thats cool either raglan rd edward rd behind cricket ground gimme ring ur closeby see tuesday
ham,received understood n acted upon
ham,ok lor town lei
ham,know dat feelin pete wuld get em nuther place nuther time mayb
ham,dont give monkeys wot think certainly mind friend mine sleep wiv wud annoyin
ham,ok arm feeling weak cuz got shot go another time
ham,yes saw message
ham,rofl true name
ham,aight call close
ham,dad went oredi
ham,best watch say cause get drunk motherfucker
ham,watching lotr w sis dis aft u wan 2 meet 4 dinner nite
ham,awesome gonna soon later tonight
ham,time week ryan
spam,hard live 121 chat 60p min choose girl connect live call 09094646899 cheap chat uk biggest live service vu bcm1896wc1n3xx
ham,u dun say early hor u c already say
ham,abj serving staying dad alone
ham,waiting call
ham,heard abt tat
ham,aight hit get cash
ham,planning come chennai
ham,two cartons u pleased shelves
ham,wat makes people dearer de happiness dat u feel u meet de pain u feel u miss dem
ham,send ur friends receive something ur voice speaking expression 1 childish 2 naughty 3 sentiment 4 rowdy 5 ful attitude 6 romantic 7 shy 8 attractive 9 funny lt gt irritating lt gt lovable reply
ham,aight thanks comin
spam,hello need posh birds chaps user trial prods champneys put need address dob asap ta r
ham,yup ok thanx
ham,gokila talking aha
ham,meeting rite go home lor dun feel like comin ok
ham,room number wanna make sure knocking right door
ham,chile please lt decimal gt hour drive come time subletting feb april audition season
ham,hey sexy buns told adore loverboy hope remember thank sister law meatballs grins love babe
ham,yeah probably
ham,hey charles sorry late reply
ham,wnt buy bmw car urgently vry urgent hv shortage lt gt lacs source arng dis amt lt gt lacs thats prob
ham,agree stop thinkin ipad please ask macho question
ham,yeah stand close tho catch something
ham,oh shit thought trip loooooool makes much sense grins sofa reference sleep couch link sent went trip oh babe go celebration rents
ham,god love limit god grace measure god power boundaries may u god endless blessings always ur life gud ni8
spam,gent trying contact last weekends draw shows 1000 prize guaranteed call 09064012160 claim code k52 valid 12hrs 150ppm
ham,damn make tonight want wait til tomorrow
ham,hey loverboy love tell look picture ache feel legs fuck want need crave
ham,life spend someone lifetime may meaningless moments spent someone really love means life
ham,hard true much show amp express love someone much hurt leave get seperated ud evening
ham,ok thanx take care
ham,hey mr going sea view couple gays mean games give bell ya finish
ham,finally match heading towards draw prediction
ham,sef dey laugh meanwhile darling anjie
spam,u win 100 music gift vouchers every week starting txt word draw 87066 tscs www idew com skillgame 1winaweek age16 150ppermesssubscription
ham,oh god almost home
ham,dnt worry use ice pieces cloth pack also take 2 tablets
ham,ok lar joking wif u oni
spam,85233 free ringtone reply real
ham,nobody names penis girls name story add
ham,av new number wil u use one ta
ham,yup noe leh
ham,great getting worried know wonderful caring person like best life know u r wonderful god love
ham,place man
ham,see cup coffee animation
ham,k k going tirunelvali week see uncle already spend amount taking dress want money give feb 1
ham,havent shopping lor juz arrive
ham,would still cozy exhausted last night nobody went school work everything closed
ham,see prolly yeah
ham,trying reach without success
spam,fancy shag interested sextextuk com txt xxuk suzy 69876 txts cost 1 50 per msg tncs website x
ham,happy new year hope good semester
ham,get ready moan scream
ham,lt gt bucks banks fees fixed better call bank find
ham,black shirt n blue jeans thk c
ham,oh ya ya remember da
ham,dare change ring
ham,u konw waht rael friendship im gving yuo exmpel jsut ese tihs msg evrey splleing tihs msg wrnog bt sitll yuo raed wihtuot ayn mitsake goodnight amp nice sleep sweet dreams
ham,g class early tomorrow thus trying smoke lt gt
ham,thank baby cant wait taste real thing
ham,oh u must taken real valentine shopping first
spam,wow boys r back take 2007 uk tour win vip tickets pre book vip club txt club 81303 trackmarque ltd info vipclub4u
spam,free 1st week no1 nokia tone 4 ur mob every week txt nokia 87077 get txting tell ur mates zed pobox 36504 w45wq norm150p tone 16
ham,4 oclock mine bash flat plan
ham,dunno cos v late n reach inside already ate spageddies lor e gals r laughing lor
ham,fuuuuck need stop sleepin sup
ham,k come wenever u lik come also tel vikky come getting free time
ham,wot u 2 u weirdo
spam,todays vodafone numbers ending 4882 selected receive 350 award number matches call 09064019014 receive 350 award
ham,back brum thanks putting us keeping us happy see soon
ham,text carlos let know hang
ham,much eighth
ham,watching cartoon listening music amp eve go temple amp church u
ham,twenty past five said train durham already coz reserved seat
ham,minimum walk 3miles day
ham,haf combine n c lor
ham,missed call cause yelling scrappy miss u wait u come home lonely today
spam,call freephone 0800 542 0578
ham,need 8th campus atm could pick hour two
ham,told tell stupid hear wont tell anything dad called brother spoken
ham,nope b going 2 sch fri quite early lor cos mys sis got paper da morn
ham,together thinkin
ham,never lei v lazy got wat dat day send da url cant work one
ham,want kfc tuesday buy 2 meals 2 gravy 2 mark 2
ham,call times job today ok umma ask speed
ham,lol oh got friend dog
ham,jokin oni lar busy wun disturb
ham,kent vale lor wait 4 ar
ham,okey dokey bit sorting stuff
ham,meet soon princess ttyl
ham,asked sen come chennai search job
ham,cause old live high
ham,k k watch films
ham,anybody number still thought tactful way ask alex
ham,hope good week checking
spam,get free mobile video player free movie collect text go 89105 free extra films ordered c apply 18 yrs
ham,geeeee love much barely stand
ham,happy babe woo hoo party dude
ham,help u swoop picking u wherever ur birds r meeting u want
ham,oh right ok make sure loads work day got really nasty cough today dry n shot really help
ham,audrie lousy autocorrect
ham,wont wat wit guys
ham,let snow let snow kind weather brings ppl together friendships grow
ham,got ten bucks jay noncomittal
ham,goodmorning today late lt gt min
ham,anything lor toa payoh got place 2 walk meh
ham,wait 4 sch finish ard 5
ham,ok u enjoy ur shows
ham,enjoy urself tmr
spam,welcome please reply age gender begin e g 24m
ham,ask around lot terms mids
ham,well desperate call armand
spam,ur going 2 bahamas callfreefone 08081560665 speak live operator claim either bahamas cruise 2000 cash 18 opt txt x 07786200117
ham,drop tank
ham,babe answering see maybe better reboot ym got photo great
ham,hi neva worry bout da truth coz truth lead 2 ur heart least unique person like u deserve sleep tight morning
ham,yup
ham,sir waiting mail
ham,late k wish
ham,ok askd u knw tht
ham,engalnd telly decided let watch mia elliot kissing damn
ham,accidentally brought em home box
spam,yes place town meet exciting adult singles uk txt chat 86688 150p msg
ham,buzz hey love think hope day goes well sleep miss babe long moment together loving smile
ham,lol nah bad thanks good b home quite reality check hows ur day u anything website
ham,ok gonna head usf like fifteen minutes
ham,yep like pink furniture tho
spam,free top ringtone sub weekly ringtone get 1st week free send subpoly 81618 3 per week stop sms 08718727870
ham,waiting machan call free
ham,good sleep rhythm person establish rhythm body learn use want know
ham,see shadow get early spring yay
ham,shower baby
ham,good morning boytoy yummy lips sexy buns think crave need
ham,yes posted couple pics fb still snow outside waking
ham,havent planning buy later check already lido got 530 show e afternoon u finish work already
ham,lol u trust
ham,need person give na
ham,yeah leave maybe 7ish
ham,please ask mummy call father
ham,office da
ham,happy birthday dear lots love rakhesh nri
ham,mean come chase stated watch many movies want
ham,bishan lar nearer need buy early cos buy gotta park car
spam,think ur smart win 200 week weekly quiz text play 85222 cs winnersclub po box 84 m26 3uz 16 gbp1 50 week
ham,networking job
ham,like talk pa able dont know
ham,yes nigh cant aha
ham,oops lt gt
ham,dont know supports ass srt thnk think ps3 play usb
ham,seems unnecessarily hostile
spam,urgent ur awarded complimentary trip eurodisinc trav aco entry41 1000 claim txt dis 87121 18 6 1 50 morefrmmob shracomorsglsuplt 10 ls1 3aj
ham,cooked rather nice salmon la
spam,tried contact response offer new nokia fone camcorder hit reply call 08000930705 delivery
ham,raji pls favour pls convey birthday wishes nimya pls today birthday
ham,k k give treat
spam,u r winner u ave specially selected 2 receive 1000 cash 4 holiday flights inc speak live operator 2 claim 0871277810710p min 18
ham,party place usf charge contribute way greatly appreciated yeah got room one
ham,got outta class gonna go gym
ham,u turn heater heater set lt gt degrees
ham,hmmm imagine come home rub feet make dinner help get ready date sure ready kind life
ham,thursday night yeah sure thing work
ham,good morning im suffering fever dysentry able come office today
ham,fine hope good take care
ham,made payments dont much sorry would want fedex way
ham,fran decided 2 go n e way im completely broke knackered got bout 3 c u 2mrw love janx p dads fone credit
ham,remains bro amongst bros
ham,parents kidz friends n colleagues screaming surprise waiting sofa naked
ham,double eviction week spiral michael good riddance
ham,hi u want join sts later meeting five call u class
ham,happy sad one thing past good morning
ham,aight fuck get later
ham,omw back tampa west palm hear happened
ham,noooooooo please last thing need stress life fair
spam,free polyphonic ringtone text super 87131 get free poly tone week 16 sn pobox202 nr31 7zs subscription 450pw
ham,raji pls favour pls convey birthday wishes nimya pls today birthday
spam,someone u know asked dating service 2 contact cant guess call 09058091854 revealed po box385 m6 6wu
ham,hope know still mad
ham,ya going restaurant
ham,ask g iouri told story like ten times already
ham,tiime let hug break tears
ham,ok k sry knw 2 siva tats askd
ham,wat r u busy wif work
ham,ya one slow poo
ham,babe talking think good boy missing love
ham,ya knw u vl giv ok thanks kano anyway enjoy wit ur family wit 1st salary
ham,new deus ex game comin early next yr
spam,1 new message please call 08715205273
ham,hey whats u sleeping morning
ham,trying figure suppose see couple different people week said get together set dates
spam,u win 100 music gift vouchers every week starting txt word draw 87066 tscs www ldew com skillgame 1winaweek age16 150ppermesssubscription
ham,ok omw castor
ham,great aunts anniversary party tarpon springs
ham,sorry call later
ham,hey hey werethe monkeespeople say monkeyaround howdy gorgeous howu doin foundurself jobyet sausage love jen xxx
ham,huh slow tot u reach long ago liao u 2 days 4 leh
ham,really tot ur paper ended long ago wat u copied jus got use u happy lar still haf 2 study
ham,coming friday leave pongal get news work place
ham,way send shade stuff wonderful
ham,superb thought grateful u dont everything u want means u still opportunity happier tomorrow u today
spam,25p 4 alfie moon children need song ur mob tell ur m8s txt tone charity 8007 nokias poly charity polys zed 08701417012 profit 2 charity
ham,two fundamentals cool life walk like king walk like dont care whoever king gud nyt
ham,cramps stopped going back sleep
spam,link picture sent also use http alto18 co uk wave wave asp 44345
ham,orh tot u say still dun believe
ham,also sir sent email log usc payment portal send another message explain things back home great weekend
ham,probably tomorrow even later tonight something going
ham,dont know oh hopefully month
ham,unlimited texts limited minutes
ham,work please call
ham,school n da lab stuff give call r done
ham,prakesh know
ham,wiskey brandy rum gin beer vodka scotch shampain wine kudi yarasu dhina vaazhthukkal
ham,think fixed send test message
ham,hide anythiing keeping distance
spam,cds 4u congratulations ur awarded 500 cd gift vouchers 125 gift guaranteed freeentry 2 100 wkly draw xt music 87066 tncs www ldew com1win150ppmx3age16
ham,wife knew time murder exactly
ham,excellent spent lt gt years air force iraq afghanistan stable honest like traveling
ham,nite nite pocay wocay luv u n e thing 4eva promise ring u 2morrowxxxx
ham,erm ill pick 6 45pm give enough time get park
spam,want explicit sex 30 secs ring 02073162414 costs 20p min
ham,wish holding tightly making see important much mean much need life
ham,fuck cedar key fuck come anyway tho
ham,good morning plz call sir
ham,way tirupur
spam,wan2 win meet greet westlife 4 u m8 currently tour 1 unbreakable 2 untamed 3 unkempt text 1 2 3 83049 cost 50p std text
spam,private 2003 account statement 07808 xxxxxx shows 800 un redeemed points call 08719899217 identifier code 41685 expires 07 11 04
ham,tee hee lecture cheery bye bye
spam,400 xmas reward waiting computer randomly picked loyal mobile customers receive 400 reward call 09066380611
ham,haha yup hopefully lose kg mon hip hop go orchard weigh
ham,please give 2 pick tuesday evening 8 ok
spam,sunshine quiz wkly q win top sony dvd player u know country algarve txt ansr 82277 1 50 sp tyrone
ham,well boy glad g wasted night applebees nothing
ham,way
ham,glad talking
ham,way rencontre meet mountains dont
ham,usually person unconscious children adults may behave abnormally call
ham,regret inform u nhs made mistake u never actually born please report 2 yor local hospital 2b terminated r sorry 4 inconvenience
ham,right think
ham,goodnight da thangam really miss u dear
ham,lol would mom would fit tell whole family crazy terrible
ham,like italian food
ham,normal
ham,give time walk
ham,mean confirmed tot juz say oni ok
ham,another month need chocolate weed alcohol
ham,exam february 4 wish great day
ham,kallis wont bat 2nd innings
ham,hex place talk explain
ham,well give cos said one nighters persevered found one cheap apologise advance somewhere sleep isnt
ham,coming day class
ham,time prob 3
ham,please give us connection today lt decimal gt refund bill
ham,1 20 call cost guess isnt bad miss ya need ya want ya love ya
ham,yep pretty sculpture
ham,nope going home go pump petrol lor like going 2 rain soon
ham,take like noon
ham,helloooo wake sweet morning welcomes enjoy day full joy gud mrng
ham,come slave going shell unconsciously avoiding making unhappy
ham,really masters
spam,recieve tone within next 24hrs terms conditions please see channel u teletext pg 750
ham,yes office da
ham,takin linear algebra today
spam,sunshine quiz wkly q win top sony dvd player u know country algarve txt ansr 82277 1 50 sp tyrone
ham,mm feeling sleepy today shall get dear
ham,real u getting yo need 2 tickets one jacket done already used multis
ham,ok wahala remember friend need
ham,work mon thurs sat cant leh booked liao day u free
ham,chk ur belovd ms dict
ham,unbelievable faglord
ham,fine good hear dear happy new year oh
spam,2p per min call germany 08448350055 bt line 2p per min check planettalkinstant com info c text stop opt
spam,u want xmas 100 free text messages new video phone half price line rental call free 0800 0721072 find
ham,bugis juz wat walking home oredi late reply oso saw top dat like din buy r
ham,yup song bro creative neva test quality said check review online
ham,dun believe u thk u told
ham,hey gals u wanna meet 4 dinner n te
ham,much dirty fellow
ham,gal n boy walking park gal hold ur hand boy u think would run away gal jst wana c feels walking heaven prince gn
spam,2nd time tried 2 contact u u 750 pound prize 2 claim easy call 08712101358 10p per min bt national rate
ham,yes pretty lady like single
spam,free camera phones linerental 4 49 month 750 cross ntwk mins 1 2 price txt bundle deals also avble call 08001950382 call2optout j mf
ham,hi kate u give ring asap xxx
ham,cps causing outages conserve energy
ham,sorry c ur msg yar lor poor thing 4 one night tmr u brand new room 2 sleep
ham,boy late 2 home father power frndship
ham,hamster dead hey tmr meet 1pm orchard mrt
ham,send new number
ham,sorry pain ok meet another night spent late afternoon casualty means done stuff42moro includes time sheets sorry
ham,plm come da way
ham,moon come color dreams stars make musical sms give warm peaceful sleep good night
ham,see finish loads loans pay
ham,hey pple 700 900 5 nights excellent location wif breakfast hamper
ham,still coming tonight
ham,good thing getting connection bw
spam,new textbuddy chat 2 horny guys ur area 4 25p free 2 receive search postcode gaytextbuddy com txt one name 89693
ham,people tour thought sofa thing sent curious sugar
ham,bishan lei tot say lavender
ham,sounds like many talents would like go dinner date next week
ham,yo watching movie netflix
ham,yesterday going home
spam,8007 25p 4 alfie moon children need song ur mob tell ur m8s txt tone charity 8007 nokias poly charity polys zed 08701417012 profit 2 charity
ham,er yeah b 15 26 sorry tell pub cafe sit come wen u
ham,really still tonight babe
ham,fine bitch later
ham,sorry call later
ham,still getting goods
ham,told number gautham
ham,sry da jst nw came home
ham,geeee miss already know think fuck wait till next year together loving kiss
ham,must come later normally bathe da afternoon mah
ham,ranjith cal drpd deeraj deepak 5min hold
spam,hello darling today would love chat dont tell look like sexy
ham,okay lor wah like def wont let us go haha say terms conditions
ham,amazing rearrange letters gives meaning dormitory dirty room astronomer moon starer eyes see election results lies lets recount mother law woman hitler eleven plus two twelve plus one amazing
ham,hahaha use brain dear
ham,decide faster cos sis going home liao
ham,meeting u work tel shall work tomorrow
ham,remember hurt days satanic imposter need pay price may destiny keep going u said pray get mind get
ham,goin workout lor muz lose e fats
ham,class lt gt reunion
ham,somewhr someone surely made 4 u god decided perfect time make u meet dat person till den enjoy ur crushes
ham,ok wif cos like 2 try new things scared u dun like mah cos u said loud
ham,take lt gt min
ham,good afternoon loverboy goes day luck come way think sweetie send love across sea make smile happy
ham,got wat buy tell us need come
ham,ok
ham,waiting 4 tv show 2 start lor u leh still busy ur report
ham,eat fo lunch senor
ham,vikky come around lt time gt
ham,wanna gym harri
ham,aiyo cos sms neva reply wait 4 reply lar tot havent finish ur lab wat
ham,tomarrow final hearing laptop case cant
spam,hot live fantasies call 08707509020 20p per min ntt ltd po box 1327 croydon cr9 5wb 0870 k
spam,believe true incredible txts reply g learn truly amazing things blow mind o2fwd 18p txt
ham,yes completely form clark also utter waste
spam,free video camera phones half price line rental 12 mths 500 cross ntwk mins 100 txts call mobileupd8 08001950382 call2optout 674
ham,come mahal bus stop lt decimal gt
ham,ha say read anything way u seemed like 2 judgemental save fridays pub
ham,want bold 2 bb torch
ham,dai lt gt naal eruku
ham,2 celebrate b day else
ham,aiyo bit pai seh noe scared dun rem die hee become better lookin oredi leh
ham,time u get
ham,want mapquest something look usf dogwood drive tiny street parking lot
spam,todays vodafone numbers ending 4882 selected receive 350 award number matches call 09064019014 receive 350 award
ham,freezing craving ice fml
ham,tunde wishing great day abiola
ham,boy love u grl hogolo boy gold chain kodstini grl agalla boy necklace madstini grl agalla boy hogli 1 mutai eerulli kodthini grl love u kano
ham,hi babe im home wanna something xx
ham,hi test lt gt rd
ham,beautiful tomorrow never comes comes already today hunt beautiful tomorrow waste wonderful today goodmorning
ham,every monday nxt week vl completing
ham,sleeping surfing
ham,also track lighters find
ham,cos daddy arranging time c wat time fetch mah
ham,knew u slept v late yest wake late
spam,u secret admirer looking 2 make contact u find r reveal thinks ur special call 09058094594
ham,love u 2 babe r u sure everything alrite idiot txt bak girlie
ham,haha dont angry take practice real thing
ham,aiyah ok wat long got improve already wat
ham,reach office around lt decimal gt amp mobile problem cann get voice call asa free
ham,hey told name gautham ah
ham,sure mean get made hold weed
ham,hi got money da
spam,123 congratulations week competition draw u 1450 prize claim call 09050002311 b4280703 cs stop sms 08718727868 18 150ppm
ham,goodmorning today late 2hrs back pain
ham,dear call tmorrow pls accomodate
ham,get free call
ham,guess worried must know way body repairs quite sure worry take slow first tests guide ovulation relax nothing said reason worry keep followin
ham,battery low babe
ham,well babe swollen glands throat end
ham,marriage function
ham,badrith chennai surely pick us competition
ham,gorgeous keep pix cumming thank
ham,ok leave need ask
ham,see christmassy
ham,notice like looking shit mirror youre turning right freak
ham,idk sitting stop shop parking lot right bawling eyes feel like failure everything nobody wants feel like failing
spam,come takes little time child afraid dark become teenager wants stay night
ham,ok go change also
ham,machan go gym tomorrow wil come late goodnight
ham,ready big day tomorrow
ham,sorry sir call tomorrow senthil hsbc
spam,tried call reply sms video mobile 750 mins unlimited text free camcorder reply call 08000930705
ham,oh asked fun haha take care
ham,lmao know well
ham,hiya u paying money account thanks got pleasant surprise checked balance u c get statements 4 acc
ham,ooh 4got gonna start belly dancing moseley weds 6 30 u want 2 join cafe
spam,500 free text msgs text ok 80488 credit account
ham,friend got says upping order grams got lt gt get
ham,love brother time talk english grins say hey muhommad penny says hello across sea
ham,home always chat
ham,hiya u like hlday pics looked horrible took mo hows camp amrca thing speak soon serena
ham,wait till end march el nino gets oh
ham,today sunday sunday holiday work
ham,al moan n e thin goes wrong fault al de arguments r fault fed himso bother hav 2go thanx xx
ham,tirupur da started office call
ham,kothi print marandratha
ham,okie
ham,oooh bed ridden ey thinking
ham,ok take ur time n enjoy ur dinner
ham,mean website yes
ham,aslamalaikkum insha allah tohar beeen muht albi mufti mahfuuz meaning
ham,dunno u ask
ham,probably eat today think gonna pop weekend u miss
ham,1 cbe 2 chennai
ham,jus finish lunch way home lor tot u dun wan 2 stay sch today
ham,dear friends sorry late information today birthday loving ar praveesh details log face book see number lt gt dont miss delicious treat
ham,hi dis yijue would happy work wif gek1510
ham,got smaller capacity one quite ex
ham,u guys never invite anywhere
spam,want explicit sex 30 secs ring 02073162414 costs 20p min gsex pobox 2667 wc1n 3xx
ham,one day crab running sea shore waves came n cleared footprints crab crab asked frnd r u clearing beautiful footprints waves replied fox following ur footprints catch thats cleared frndsship never lets u dwn gud nyt
ham,hey still want go yogasana coz end cine go bathe hav steam bath
ham,want snow freezing windy
ham,tmrw im finishing 9 doors
ham,saw message k da
ham,going take babe
ham,seems like weird timing night g want come smoke day shitstorm attributed always coming making everyone smoke
ham,place man
ham,pussy perfect
ham,da stupid da always sending like believe message pandy mental
spam,private 2003 account statement shows 800 un redeemed points call 08718738001 identifier code 49557 expires 26 11 04
ham,got lt gt
ham,post l8r class
ham,u say leh course nothing happen lar say v romantic jus bit lor thk e nite scenery nice leh
ham,thats cool gentleman treat dignity respect
ham,india take lead
ham,sorry battery died yeah
ham,free call sir waiting
spam,gr8 poly tones 4 mobs direct 2u rply poly title 8007 eg poly breathe1 titles crazyin sleepingwith finest ymca getzed co uk pobox365o4w45wq 300p
ham,saw guys dolls last night patrick swayze great
spam,bored housewives chat n date 0871750 77 11 bt national rate 10p min landlines
spam,please call customer service representative 0800 169 6031 10am 9pm guaranteed 1000 cash 5000 prize
ham,house maid murderer coz man murdered lt gt th january public holiday govt instituitions closed including post office understand
ham,computer fried essential part keep spares fucking idiot roommates looovvve leaving thing running full lt gt 7
ham,please send aunty number
ham,come u got nothing
spam,urgent mobile awarded 2000 bonus caller prize 5 9 03 final try contact u call landline 09064019788 box42wr29c 150ppm
ham,wish think gonna snow much flurries usually get melt hit ground eek snow since lt gt even born
ham,see forwarding message proof
ham,wondering others took
ham,turning phone moms telling everyone cancer sister stop calling hurts talk put see u u get home love u
ham,vote wherever heart guides
ham,hey j r u feeling better hopeso hunny amnow feelin ill ithink may tonsolitusaswell damn iam layin bedreal bored lotsof luv xxxx
spam,1 new voicemail please call 08719181503
ham,hello lover goes new job happy think wake slave send teasing kiss across sea
ham,fuck babe miss already know let send money towards net need want crave
ham,ok tell stay yeah tough optimistic things improve month
ham,maybe pressies
ham,hey going quit soon xuhui working till end month
spam,well done 4 costa del sol holiday 5000 await collection call 09050090044 toclaim sae tcs pobox334 stockport sk38xh cost 1 50 pm max10mins
ham,teach apps da come college
spam,urgent mobile number awarded 2000 prize guaranteed call 09061790126 land line claim 3030 valid 12hrs 150ppm
ham,goodmorning grandfather expired leave today
spam,asked 3mobile 0870 chatlines inclu free mins india cust servs sed yes l8er got mega bill 3 dont giv shit bailiff due days 250 3 want 800
ham,aight close still around alex place
ham,hi darlin ive got back really nice night thanks much lift see u tomorrow xxx
ham,u call
ham,well done blimey exercise yeah kinda remember wot hmm
ham,gumby special lt gt cheese pizza 2 know doin tonight
ham,gettin bit arty collages mo well tryin 2 ne way got roast min lovely shall enjoy
ham,wif buying tix lar
ham,yeah leave hour least 4 sound
ham,olol printed forum post guy exact prob fixed gpu replacement hopefully dont ignore
ham,argh fuck nobody town
ham,ha ha cool cool chikku chikku db
ham,ok bag
ham,right meanwhile project twins comin
ham,worry though understand important put place poorly thought punishment face worst thing ever happened brb gonna go kill
ham,senthil group company apnt 5pm
ham,seen facebook huh lol
ham,ok lar double check wif da hair dresser already said wun cut v short said cut look nice
ham,desires u going doctor 4 liver get bit stylish get ur hair managed thats
ham,nothing u dinner w us
ham,asked anthony dad bf
ham,word checkmate chess comes persian phrase shah maat means king dead goodmorning good day
ham,issues right ill fix tomorrow
ham,carlos says pick later yeah set
ham,way make sure u get train worc foregate street shrub hill fun night x
ham,thank princess want see nice juicy booty
ham,go n buy juz buy get lar
ham,dad says hurry hell
ham,wonder get text
ham,dont send plus mode
ham,ask keep one maybe get messages sent glo
spam,sms auction brand new nokia 7250 4 auction today auction free 2 join take part txt nokia 86021
ham,miss much desparate recorded message left day listen hear sound voice love
ham,one day training
ham,taka lor wat time u wan 2 come n look 4 us
ham,working eyes philosophy text u later bit free chat
ham,work please call
ham,aiyar hard 2 type u later free tell call n scold n tell u
ham,lol yep yesterday already got fireplace another icon sitting
ham,office around 4 pm going hospital
ham,pass dis ur contacts n see wat u get red luv wid u blue u put smile face purple u r realy hot pink u r swt orange thnk lyk u green realy wana go wid u yelow wnt u bck black jealous u brown miss nw plz giv one color
ham,going dinner msg
ham,hmmm still dont opener
ham,generally one uncountable noun u dictionary pieces research
ham,say thanks2
ham,laid airtel line rest
ham,fwiw reason around time smoke gas afford around someone tells apparently happens somebody wants light
ham,ok wont call disturb one know avoiding burden
ham,send email mind lt gt times per night
spam,urgent ur awarded complimentary trip eurodisinc trav aco entry41 1000 claim txt dis 87121 18 6 1 50 morefrmmob shracomorsglsuplt 10 ls1 3aj
ham,late
ham,drive read need write
ham,said look pretty wif long hair wat thk cutting quite short 4 leh
ham,eh u send wrongly lar
ham,gonna ask lol think 7
ham,hey going lo lesson gym
spam,hot n horny willing live local text reply hear strt back 150p per msg netcollex ltdhelpdesk 02085076972 reply stop end
ham,barred b q stores life twat orange dungerees came asked wanted decking got first punch
ham,dunno lei decide lor abt leona oops tot ben going n msg
spam,bloomberg message center 447797706009 wait apply future http careers bloomberg com
ham,eat jap done oso aft ur lect wat got lect 12 rite
ham,yeah like goes like friends imma flip shit like half hour
ham,cant pick phone right pls send message
ham,jus chillaxin
spam,wanna laugh try chit chat mobile logon txting word chat send 8883 cm po box 4217 london w1a 6zf 16 118p msg rcvd
ham,life means lot love life love people life world calls friends call world ge
ham,course maths one day one chapter one month finish
ham,ok r meeting later
ham,k work something
spam,thanks ringtone order ref number r836 mobile charged 4 50 tone arrive please call customer services 09065069154
spam,free entry 2 wkly comp win fa cup final tkts 21st may 2005 text fa 87121 receive entry question std txt rate c apply 08452810075over18
spam,simpsons movie released july 2007 name band died start film green day b blue day c red day send b c
ham,hi please get lt gt dollar loan pay back mid february pls
spam,thanks ringtone order ref number k718 mobile charged 4 50 tone arrive please call customer services 09065069120
ham,long beach lor expected u dinner
ham,friend studying warwick planned go shopping concert tmw may canceled havn seen ages yeah get together sometime
spam,07801543489 guaranteed latests nokia phone 40gb ipod mp3 player 500 prize txt word collect 83355 tc llc ny usa 150p mt msgrcvd18
ham,registered sinco payee log icicibank com enter urn lt gt confirm beware frauds share disclose urn anyone
ham,shoot docs waiting room
ham,like lt gt question
ham,enjoy showers possessiveness poured u ur loved ones bcoz world lies golden gift loved truly
ham,
ham,know grumpy old people mom like better lying always one play jokes
ham,oh 4 outside players allowed play know
ham,night ended another day morning come special way may smile like sunny rays leaves worries blue blue bay
ham,driving raining get caught e mrt station lor
ham,ok msg u b4 leave house
spam,one registered subscribers u enter draw 4 100 g b gift voucher replying enter unsubscribe text stop
spam,private 2003 account statement shows 800 un redeemed points call 08718738002 identifier code 48922 expires 21 11 04
ham,thank much selflessness love plenty
ham,get cash together text jason
ham,beautiful truth gravity read carefully heart feels light someone feels heavy someone leaves good night
spam,discount code rp176781 stop messages reply stop www regalportfolio co uk customer services 08717205546
ham,never believe actually got taunton wow
ham,late said website dont slippers
ham,sch neva mind u eat 1st lor
ham,night ended another day morning come special way may smile like sunny rays leaves worries blue blue bay gud mrng
ham,wake since checked stuff saw true available spaces pls call embassy send mail
ham,watching tv lor
ham,hey booked kb sat already lessons going ah keep sat night free need meet confirm lodging
ham,think asking gym excuse lazy people jog
ham,wow think common take back ur freak unless u chop
ham,pls make note exposed also find school anyone else vomiting dog cat house let know later
ham,wherre boytoy
ham,reaching home 5 min
spam,tone club subs expired 2 sub reply monoc 4 monos polyc 4 polys 1 weekly 150p per week txt stop 2 stop msg free stream 0871212025016
ham,wa ur openin sentence formal anyway fine juz tt eatin much n puttin weight haha anythin special happened
ham,yun ah wkg btw go nus sc wana specialise wad
spam,someone u know asked dating service 2 contact cant guess call 09058091854 revealed po box385 m6 6wu
spam,urgent 4 costa del sol holiday 5000 await collection call 09050090044 toclaim sae tc pobox334 stockport sk38xh cost 1 50 pm max10mins
ham,oh sorry please
ham,free day finish 6 mon n thurs
ham,hi baby im cruisin girl friend r u 2 give call hour home thats alright fone fone love jenny xxx
ham,happy new years melody
ham,hello saturday go texting see decided anything tomo trying invite anything
ham,worry finished march ish
ham,hmmm k want change field quickly da wanna get system administrator network administrator
spam,mobile 11mths update free oranges latest colour camera mobiles unlimited weekend calls call mobile upd8 freefone 08000839402 2stoptxt
ham,free
ham,came hostel going sleep plz call class hrishi
ham,hey guy know breathing neck get bud anyway able get half track usf tonight
spam,loan purpose 500 75 000 homeowners tenants welcome previously refused still help call free 0800 1956669 text back help
ham,ya came ago
ham,hey sat going intro pilates kickboxing
ham,nope still market
ham,fuck babe miss sooooo much wish sleep bed lonely go sleep dream love
ham,work please call
spam,thanks 4 continued support question week enter u in2 draw 4 100 cash name new us president txt ans 80082
ham,yeah whatever lol
ham,askd u question hours answer
spam,hmv bonus special 500 pounds genuine hmv vouchers answer 4 easy questions play send hmv 86688 info www 100percent real com
ham,much textin bout
ham,new years eve ok went party boyfriend si hey
ham,lol u come ideas
ham,book lesson msg call work sth going get specs membership px3748
spam,hi mandy sullivan calling hotmix fm chosen receive 5000 00 easter prize draw please telephone 09041940223 claim 29 03 05 prize transferred someone else
ham,aight plan come later tonight
ham,talk g x
ham,haha awesome 4u couple times coming
ham,rose red red blood blood heart heart u u send tis ur friends including u like u get back 1 u r poor relation 2 u need 1 support 3 u r frnd 2 many 4 some1 luvs u 5 some1 praying god marry u try
ham,tell rob mack gf theater
ham,ages abj
ham,lt gt mins stop somewhere first
ham,reading gud habit nan bari hudgi yorge pataistha ertini kano
ham,account refilled successfully inr lt decimal gt keralacircle prepaid account balance rs lt decimal gt transaction id kr lt gt
ham,auntie huai juan never pick phone
spam,sorry u unsubscribe yet mob offer package min term 54 weeks pls resubmit request expiry reply themob help 4 info
ham,tonight mate catching sleep new number way
ham,hope feeling great pls fill abiola
ham,hi home calicut
ham,sign maturity start saying big things actually start understanding small things nice evening bslvyl
ham,nothing lor bit bored dun u go home early 2 sleep today
ham,thats cool cum
spam,account credited 500 free text messages activate txt word credit 80488 cs www 80488 biz
ham,love aathi love u lot
ham,sad story man last week b day wife nt wish parents forgot n kids went work even colleagues wish
ham,cinema plus drink appeal tomo fr thriller director like mac 8 30
ham,prashanthettan mother passed away last night pray family
ham,yo guys ever figure much need alcohol jay trying figure much safely spend weed
spam,want new nokia 3510i colour phone deliveredtomorrow 300 free minutes mobile 100 free texts free camcorder reply call 08000930705
ham,already one guy loving
spam,1 new message please call 08712400200
ham,good night going sleep
spam,sppok ur mob halloween collection nokia logo pic message plus free eerie tone txt card spook 8007
ham,ok thanx
ham,nice wait texting right gonna pay ticket ya know
ham,made day great day
ham,dunno dat wat told ok lor
ham,world suffers lot violence bad people silence good people gud night
ham,project pa come
ham,hi mobile lt gt added contact list www fullonsms com great place send free sms people visit fullonsms com
ham,freezing home yet remember kiss mom morning love think missing yet
ham,think spatula hands
ham,home love still awake loving kiss
ham,know thinkin malaria relax children cant handle malaria would worse gastroenteritis takes enough replace loss temp reduce give malaria meds vomit self limiting illness means days completely stop
ham,quite ok bit ex u better go eat smth else feel guilty
ham,getting worried derek taylor already assumed worst
ham,mum sent many many messages since got want know actually getting enjoy rest day
spam,todays voda numbers ending 1225 selected receive 50award match please call 08712300220 quoting claim code 3100 standard rates app
ham,ok
ham,give us back id proof lt gt rs wont allow work come home within days
ham,k need login anything
spam,natalie 20 f inviting friend reply yes 165 165 see www sms ac u natalie2k9 stop send stop frnd 62468
ham,nt yet chikku simple habba hw abt u
ham,reached home n bathe liao u call
spam,thanks ringtone order reference t91 charged gbp 4 per week unsubscribe anytime calling customer services 09057039994
ham,tessy pls favor pls convey birthday wishes nimya pls dnt forget today birthday shijas
ham,thank much skyped wit kz sura didnt get pleasure company hope good given ultimatum oh countin aburo enjoy message sent days ago
ham,fine remember
ham,nice day dear
ham,wen u miss someone person definitely special u person special miss keep touch gdeve
ham,yes da plm ur office
ham,adult would learn experience real danger dont like peeps using drugs dont need comment
ham,langport sorry probably bed 9pm sucks ill xmas go2sri lanka
ham,merry christmas babe love ya kisses
ham,purchase stuff today mail po box number
ham,good find way
ham,wylie update weed dealer carlos went freedom class lunsford
ham,wont get concentration dear know mind everything
ham,money money aint thing sha
ham,jst change tat
spam,lyricalladie 21 f inviting friend reply yes 910 910 see www sms ac u hmmross stop send stop frnd 62468
ham,nope watching tv home going v bored
ham,didnt get ur full msg sometext missing send
spam,congratulations ur awarded 500 cd vouchers 125gift guaranteed free entry 2 100 wkly draw txt music 87066
ham,lol busy
ham,meet lunch la
spam,guaranteed 32000 award maybe even 1000 cash claim ur award call free 0800 18 legitimat efreefone number wat u think
spam,text banneduk 89555 see cost 150p textoperator g696ga 18 xxx
ham,sea lays rock rock envelope envelope paper paper 3 words
ham,tough
ham,going got exciting karaoke type activities planned debating whether play football eve feeling lazy though
ham,one stalk profiles
ham,ok days making dinner tonite invited
ham,hello beautiful r u ok kinda ad row wiv walked pub wanted night wiv u miss u
spam,great news call freefone 08006344447 claim guaranteed 1000 cash 2000 gift speak live operator
ham,aiyah wait lor u entertain hee
ham,tell bad character u dnt lik try change lt gt add tat 2 new year resolution waiting ur reply frank good morning
ham,going sao mu today done 12
ham,misplaced number sending texts old number wondering heard year best mcat got number atlanta friends
ham,cant pick phone right pls send message
ham,wen get spiritual deep great
ham,good morning plz call sir
ham,k k special today
ham,ok help ask working tmr
spam,8007 free 1st week no1 nokia tone 4 ur mob every week txt nokia 8007 get txting tell ur mates www getzed co uk pobox 36504 w4 5wq norm 150p tone 16
ham,walked moms right stagwood pass right winterstone left victors hill address lt gt
ham,hello good week fancy drink something later
spam,urgent mobile number awarded 2000 prize guaranteed call 09061790121 land line claim 3030 valid 12hrs 150ppm
ham,gr8 see message r u leaving congrats dear school wat r ur plans
ham,daddy bb
ham,otherwise part time job na tuition
spam,urgent please call 09061743811 landline abta complimentary 4 tenerife holiday 5000 cash await collection sae cs box 326 cw25wx 150ppm
ham,oh yes speak txt 2 u hmm u get email
ham,dear shall mail tonite busy street shall update tonite things looking ok varunnathu edukkukayee raksha ollu good one real sense
ham,good evening sir hope nice day wanted bring notice late paying rent past months pay lt gt charge felt would inconsiderate nag something give great cost didnt speak however recession wont able pay charge month hence askin well ahead month end please help thank everything
ham,arun u transfr amt
ham,k see k
ham,dont know come ask questions like dont mistake
ham,reached sch already
ham,unni thank dear recharge rakhesh
ham,xmas story peace xmas msg love xmas miracle jesus hav blessed month ahead amp wish u merry xmas
ham,one interested may business plan
ham,k sure consent forms v
ham,dont kick coco
ham,havent stuck orchard dad car going 4 dinner u leh r free tonight
ham,si si think ill go make oreo truffles
ham,sorry battery died come getting gram place
ham,ummmmmaah many many happy returns day dear sweet heart happy birthday dear
ham,r still meeting 4 dinner tonight
ham,okie
ham,importantly discuss u
ham,east coast
ham,think might give miss teaching til twelve lecture two damn working thing
spam,warner village 83118 c colin farrell swat wkend warner village get 1 free med popcorn show msg ticket kiosk valid 4 7 12 c c kiosk reply sony 4 mre film offers
ham,anything lor
ham,yo trip got postponed still stocked
ham,list buyers
ham,way put skip right outside front house see house pull
ham,calls later afternoon onwords mtnl service get problem south mumbai hear cann listen
ham,yeah probably earlier
ham,going wipro interview today
spam,heard u4 call 4 rude chat private line 01223585334 cum wan 2c pics gettin shagged text pix 8552 2end send stop 8552 sam xxx
spam,camera awarded sipix digital camera call 09061221066 fromm landline delivery within 28 days
ham,oh thkin goin yogasana 10 den nd go 3 den rush parco 4 nb okie lor u call ready
ham,hi da todays class
ham,sad story man last week b day wife nt wish parents forgot n kids went work even colleagues wish entered cabin pa said happy b day boss felt special askd 4 lunch lunch invited apartment went said u mind go bedroom minute ok sed sexy mood came 5 minuts latr wid cake n wife parents kidz friends n colleagues screaming surprise waiting sofa naked
ham,happens r 2waxsto wat want come ill get medical insurance able deliver basic care currently shopping right medical insurance give til friday morning thats see major person guide right insurance
ham,creep
ham,pls help tell sura expecting battery hont pls send message download movies thanks
ham,sorry call later
ham,true passable get high score apply phd get 5years salary makes life easier
ham,said went back bed sleep anything
ham,yeah confirmed staying weekend
ham,watch lor saw swatch one thk quite ok ard 116 need 2nd opinion leh
ham,u town alone
ham,anything lar going home 4 dinner
spam,private 2003 account statement 078
ham,cheers u tex mecause u werebored yeah okden hunny r uin wk sat sound likeyour havin gr8fun j keep updat countinlots loveme xxxxx
ham,finally ready fyi
spam,hear new divorce barbie comes ken stuff
spam,urgent please call 09066612661 landline complimentary 4 lux costa del sol holiday 1000 cash await collection ppm 150 sae cs james 28 eh74rr
spam,congratulations winner august 1000 prize draw call 09066660100 prize code 2309
ham,hey want anything buy
ham,pls pls drink plenty plenty water
spam,customer service annoncement new years delivery waiting please call 07046744435 arrange delivery
ham,li hai bored da lecturer repeating last weeks stuff waste time
ham,hi babe u r likely bed im sorry tonight really wanna see u tomorrow call 9 love xxx
ham,hey reply pa
ham,mind blastin tsunamis occur rajnikant stopped swimming indian ocean
ham,huh fast dat means u havent finished painting
ham,new address apples pairs malarky
ham,dunno lets go learn pilates
ham,erm thought contract ran the4th october
ham,keeping away like
ham,oh ok didnt know meant yep baby jontin
spam,upgrdcentre orange customer may claim free camera phone upgrade loyalty call 0207 153 9153 offer ends 26th july c apply opt available
ham,u sending home first ok lor ready yet
ham,alright bring see like lt gt mins
ham,mmm thats better got roast b better drinks 2 good indian
ham,u ask next sat make ok lor
ham,love decision feeling could decide love life would much simpler less magical
ham,plans family set stone
spam,loan purpose 500 75 000 homeowners tenants welcome previously refused still help call free 0800 1956669 text back help
ham,shit surprised went spent evening french guy met town fooled around bit let fuck
ham,time u wrkin
ham,hi darlin hope nice night wish come cant wait see love fran ps want dirty anal sex want 10 man gang bang
spam,urgent trying contact u todays draw shows 800 prize guaranteed call 09050003091 land line claim c52 valid12hrs
ham,actually getting ready leave house
ham,good day mine really busy much tomorrow night
ham,ok ok ok whats ur todays plan
ham,moment day value morning brings hope afternoon brings faith evening brings luv night brings rest wish u find today good morning
ham,da vijay going talk jaya tv
ham,dont file bag work called tell find anything room
ham,sorry sent blank msg yup trying 2 serious studying
ham,e best 4 ur exam later
ham,sorry call later
spam,themob yo yo yo comes new selection hot downloads members get free click open next link sent ur fone
ham,true easier
spam,hope enjoyed new content text stop 61610 unsubscribe help 08712400602450p provided tones2you co uk
ham,know raping dudes poker
ham,missing pray inshah allah
ham,dunno close oredi v fan
ham,alright set text man
ham,predict wat time finish buying
ham,finish already yar keep saying mushy embarrassed ok
ham,know account details ask mom send mom reach
ham,break time one come n get stuff fr
ham,jus finished avatar nigro
spam,ringtone club gr8 new polys direct mobile every week
ham,wen ur lovable bcums angry wid u dnt take seriously coz angry childish n true way showing deep affection care n luv kettoda manda nice day da
spam,taking part mobile survey yesterday 500 texts 2 use however wish 2 get txts send txt 80160 c www txt43 com 1 50p
ham,huh got lesson 4 lei n thinkin going sch earlier n tot parkin kent vale
spam,free message thanks using auction subscription service 18 150p msgrcvd 2 skip auction txt 2 unsubscribe txt stop customercare 08718726270
spam,kit strip billed 150p netcollex ltd po box 1013 ig11 oja
spam,new local dates area lots new people registered area reply date start 18 www flirtparty us replys150
ham,awesome lemme know whenever around
ham,omg one thing another cat worms bad day end
ham,nimbomsons yep phone knows one obviously cos thats real word
ham,would really appreciate call need someone talk
ham,get second half message
ham,fighting world easy u either win lose bt fightng some1 close u dificult u lose u lose u win u still lose
ham,weightloss girl friends make loads money ebay something give thanks god
ham,per request melle melle oru minnaminunginte nurungu vettam set callertune callers press 9 copy friends callertune
ham,forgot 2 ask smth card da present lei want 2 write smth sign
ham,watching tv lor nice one like lor
spam,gsoh good spam ladies u could b male gigolo 2 join uk fastest growing mens club reply oncall mjzgroup 08714342399 2stop reply stop msg 1 50rcvd
ham,k k training process
ham,ok asked money far
ham,howz persons story
ham,sorry da gone mad many pending works
ham,love excited day spend make happy
ham,nooooooo gonna bored death day cable internet outage
spam,dear voucher holder claim weeks offer pc please go http www e tlp co uk reward ts cs apply
ham,hey morning come ask pa
ham,nah perpetual dd
ham,sorry roommates took forever ok come
ham,good good billy mates gone jogging enjoy concert
ham,lol yeah point guess
ham,meh thgt clash really ah dun mind dun seen lost weight gee
ham,escape theatre going watch kavalan minutes
ham,k deleted contact
ham,u
ham,except theres chick huge boobs
ham,ok another number
ham,dunno juz askin cos got card got 20 4 salon called hair sense tot da one cut ur hair
ham,gotta
ham,otherwise part time job na tuition
ham,wnevr wana fal luv vth books bed fals luv vth yen madodu nav pretsorginta nammanna pretsovru important alwa gud eveb
ham,u calling right call hand phone
ham,ok prob
ham,hear loud scream lt gt minutes cause gyno shoving things belong
ham,still working time also tried adding zeros savings checking lt gt
ham,come get b quite diff guess rite
ham,yeah thinking
ham,infact happy new year seeing
ham,make girl happy difficult make girls happy u need 1 friend 2 companion 3 lover 4 chef lt gt good listener lt gt organizer lt gt good boyfriend lt gt clean lt gt sympathetic lt gt athletic lt gt warm lt gt courageous lt gt determined lt gt true lt gt dependable lt gt intelligent lt gt psychologist lt gt pest exterminator lt gt psychiatrist lt gt healer lt gt stylist lt gt driver aaniye pudunga venaam
ham,lets make saturday monday per convenience
ham,u remember old commercial
ham,yes last practice
ham,hmm many unfortunately pics obviously arent hot cakes kinda fun tho
spam,hi 07734396839 ibh customer loyalty offer new nokia6600 mobile 10 txtauction txt word start 81151 get 4t
ham,ok c
ham,umma say anything
ham,hope result consistently intelligent kind start asking practicum links keep ears open best ttyl
ham,family responding anything room went home diwali one called coming makes feel like died
ham,haha better late ever way could swing
ham,bring got
spam,dear voucher holder 2 claim weeks offer pc go http www e tlp co uk expressoffer ts cs apply 2 stop texts txt stop 80062
spam,ur ringtone service changed 25 free credits go club4mobiles com choose content stop txt club stop 87070 150p wk club4 po box1146 mk45 2wt
ham,donno genes something
ham,number
ham,hungry
ham,well lot things happening lindsay new years sighs bars ptbo blue heron something going
spam,1000 flirting txt girl bloke ur name age eg girl zoe 18 8007 join get chatting
spam,rcv msgs chat svc free hardcore services text go 69988 u get nothing u must age verify yr network try
ham,u still havent got urself jacket ah
ham,sorry joined league people dont keep touch mean great deal friend times even great personal cost great week
ham,know girls always safe selfish know got pa thank good night
spam,reply win 100 weekly 2006 fifa world cup held send stop 87239 end service
ham,yavnt tried yet never played original either
ham,aiyah e rain like quite big leh drizzling least run home
ham,yup next stop
ham,multimedia message e mail
ham,din tell u jus 420
ham,came look flat seems ok 50s away alot wiv work got woman coming 6 30
spam,natalja 25 f inviting friend reply yes 440 440 see www sms ac u nat27081980 stop send stop frnd 62468
spam,credits topped http www bubbletext com renewal pin tgxxrz
ham,get gandhipuram walk cross cut road right side lt gt street road turn first right
spam,tried contact offer new video phone 750 anytime network mins half price rental camcorder call 08000930705 reply delivery wed
ham,ya even cookies jelly
ham,aiya discuss later lar pick 4
ham,dunno lei might b eatin wif frens wan eat wait 4 lar
ham,neva mind ok
spam,urgent trying contact u todays draw shows 2000 prize guaranteed call 09058094507 land line claim 3030 valid 12hrs
spam,xmas prize draws trying contact u todays draw shows 2000 prize guaranteed call 09058094565 land line valid 12hrs
ham,buying today need c meh
ham,yay finally lol missed cinema trip last week
ham,thanks bomb date phone wanted say
ham,really hope work doesnt get stressful gr8 day
ham,really sorry lit hair fire
ham,grandmas oh dear u still ill felt shit morning think hungover another night leave sat
spam,want new nokia 3510i colour phone delivered tomorrow 200 free minutes mobile 100 free text free camcorder reply call 8000930705
ham,ok found dis pierre cardin one looks normal costs 20 sale
ham,dont let studying stress l8r
ham,treasure every moment spend together
ham,oh way food fridge want go meal tonight
ham,thanks lot wishes birthday thanks making birthday truly memorable
ham,yeah probably sure ilol let u know personally wuldnt bother ur goin mite well
spam,want funk ur fone weekly new tone reply tones2u 2 text www ringtones co uk original n best tones 3gbp network operator rates apply
ham,wishing great day moji told offer always speechless offer easily go great lengths behalf stunning exam next friday keep touch sorry
ham,come din c yup cut hair
ham,u wearing
ham,know taj mahal symbol love lesser known facts 1 mumtaz shahjahan 4th wife 7 wifes 2 shahjahan killed mumtaz husband marry 3 mumtaz died lt gt th delivery 4 married mumtaz sister question arises hell love great hari
ham,dont put phone silent mode ok
ham,supposed meet discuss abt trip thought xuhui told afternoon thought go lesson
ham,got things may pub later
ham,family happiness
ham,yes tv always available work place
ham,mah b pick tomorrow
ham,finished class
ham,say dying man feel sad go wanted know would probably gone late night
ham,k sent
spam,monthly password wap mobsi com 391784 use wap phone pc
ham,alrite girl u know gail neva wrong take care sweet worry c u l8tr hun love yaxxx
ham,many days since
ham,id onluy matters getting offcampus
ham,shopping lor raining mah hard 2 leave orchard
ham,go walmart stay
ham,much torch 9ja
spam,449050000301 2 000 price claim call 09050000301
ham,ebay might less elsewhere
ham,sent de webadres geting salary slip
ham,ok sweet dreams
ham,pls dont play others life
ham,hi probably much fun get message thought id txt u cos im bored james farting night
ham,camera quite good 10 1mega pixels 3optical 5digital dooms lovely holiday safe hope hav good journey happy new year see couple weeks
ham,getting back time soon
ham,jot things want remember later
ham,anything lor coming
ham,love set soul fire spark flame big rawring flame xoxo
ham,yeah class
ham,dun wear jeans lor
ham,directly behind abt 4 rows behind
ham,wake gt
ham,ladies first genus second k
ham,hi birth 8lb 7oz mother baby brilliantly
ham,tiwary rcb battle bang kochi
ham,k 4
ham,get chicken broth want ramen unless know
ham,look frying pan case cheap book perhaps silly frying pan likely book
spam,u 447801259231 secret admirer looking 2 make contact u find r reveal thinks ur special call 09058094597
ham,er hello things quite go plan limping slowly home followed aa exhaust hanging
ham,going ride bike
ham,hiya comin 2 bristol 1 st week april les got rudi new yrs eve snoring drunk u bak college yet work sends ink 2 bath
ham,kate jackson rec center 7ish right
ham,boy loved gal propsd bt didnt mind gv lv lttrs bt frnds threw thm boy decided 2 aproach gal dt time truck speeding towards gal wn 2 hit girl boy ran like hell n saved asked hw cn u run fast boy replied boost secret energy n instantly girl shouted energy n thy lived happily 2gthr drinking boost evrydy moral story hv free msgs gud ni8
ham,happy new year u
ham,short cute good person dont try prove gud mrng
ham,mum ask buy food home
ham,sorry grocers
spam,claim 200 shopping spree call 08717895698 mobstorequiz10ppm
ham,u hiding stranger
spam,rt king pro video club need help info ringtoneking co uk call 08701237397 must 16 club credits redeemable www ringtoneking co uk enjoy
ham,u ask darren go n pick u lor oso sian tmr haf 2 meet lect
ham,play one day last year know even though good team like india
spam,good luck draw takes place 28th feb 06 good luck removal send stop 87239 customer services 08708034412
spam,show ur colours euro 2004 2 4 1 offer get england flag 3lions tone ur phone click following service message info
ham,safe trip nigeria wish happiness soon company share moments
ham,yes dont care need bad princess
ham,parked next mini coming today think
spam,new mobiles 2004 must go txt nokia 89545 collect today 1 www 4 tc biz 2optout 087187262701 50gbp mtmsg18 txtauction
ham,supposed wake gt
ham,cant pick phone right pls send message
ham,many times lose best ones bcoz
ham,guys planning coming
ham,prabha soryda realy frm heart sory
ham,new theory argument wins situation loses person dont argue ur friends kick amp say always correct
ham,queen going royal wedding
ham,pick ur fone u dumb
ham,cal sir meeting
ham,make lasagna vodka
ham,wonder got online love gone net cafe get phone recharged friends net think boytoy
ham,thanx 4 e brownie v nice
ham,depends would like treated
ham,mmmm cant wait lick
ham,reaching another 2 stops
ham,perhaps much easy give account identification tomorrow uni
ham,thank wonderful
spam,ur chance win 250 cash every wk txt play 83370 c www music trivia net custcare 08715705022 1x150p wk
ham,sir receive account another 1hr time sorry delay
ham,text drop x
ham,change e one next escalator
ham,im late tellmiss im way
ham,battery mr adewale uncle aka egbon
ham,also knows lunch menu da know
spam,receiving week triple echo ringtone shortly enjoy
ham,slave want take 2 3 pictures today bright light cell phone bright light
ham,alex says ok ok
ham,watching ajith film ah
ham,dont know exactly could ask chechi
ham,eatin lunch
ham,specialisation work slave labor look month sha cos shakara 4 beggar
ham,esplanade lor else
ham,go openings room til thanksgiving without upcharge
ham,late
ham,tmr timin still da wat cos got lesson 6
spam,please call 08712402779 immediately urgent message waiting
ham,kaiez enjoy ur tuition gee thk e second option sounds beta go yan jiu den msg u
ham,anything lor juz us lor
ham,running managed 5 minutes needed oxygen might resort roller option
spam,mobile 10 mths update latest camera video phones free keep ur number get extra free mins texts text yes call
ham,may call later pls
spam,thesmszone com lets send free anonymous masked messages im sending message see potential abuse
ham,true dear sat pray evening felt sms time
ham,kind took garage centre part exhaust needs replacing part ordered n taking fixed tomo morning
ham,happy baby alright take job hope fine send kiss make smile across sea kiss kiss
ham,lot sickness thing going round take easy hope u feel better soon lol
ham,ur paper today e morn aft
ham,ok
ham,bit ur smile hppnss drop ur tear sorrow part ur heart life heart like mine wil care u forevr goodfriend
ham,pick drop car problem
ham,one small prestige problem
ham,k want us come
ham,home
ham,u reckon need 2 arrange transport u thanks
ham,oh yeah hav great time newquay send postcard 1 look girls im gone u know 1im talkin bout xx
ham,money issue weigh thanks breathe easier make sure dont regret thanks
spam,double mins txts 4 6months free bluetooth orange available sony nokia motorola phones call mobileupd8 08000839402 call2optout n9dx
ham,ok part tomorrow
ham,good afternoon love goes day woke early online waiting hmmm italian boy online see grins
ham,lol grins babe thanks thinking
spam,enjoy jamster videosound gold club credits 2 new videosounds 2 logos musicnews get fun jamster co uk 16 help call 09701213186
ham,7 lor change 2 suntec wat time u coming
ham,ugh wanna get bed warm
spam,u secret admirer reveal thinks u r special call 09065174042 opt reply reveal stop 1 50 per msg recd cust care 07821230901
ham,mum hope great day hoping text meets well full life great day abiola
ham,aight text back mu swing need somebody get door
spam,freemsg records indicate may entitled 3750 pounds accident claim free reply yes msg opt text stop
ham,tmr brin lar aiya later come n c lar mayb neva set properly got da help sheet wif
spam,ringtoneking 84484
ham,small problem auction punj asking tiwary
ham,jus telling u dat b leaving 4 shanghai 21st instead haf time 2 meet cya
ham,avatar supposed subtoitles
ham,lol know dramatic schools already closed tomorrow apparently drive inch snow supposed get
ham,management puzzeles
ham,yes really great bhaji told kallis best cricketer sachin world tough get
ham,love ya try budget money better babe gary would freak knew
ham,actually nvm got hella cash still lt gt ish
ham,size elephant tablets u shove um ur ass
ham,nothing ok anyway give treat
ham,ugh gotta drive back sd la butt sore
ham,mind ask happened dont say uncomfortable
ham,ok cool see ya
ham,
ham,lol knew saw dollar store
ham,reckon need town eightish walk carpark
ham,stop knowing well
ham,k leaving soon little 9
ham,miss ya need ya want ya love ya
ham,enjoy watching playing football basketball anything outdoors
ham,lmao nice 1
ham,squeeeeeze christmas hug u lik frndshp den hug back u get 3 u r cute 6 u r luvd 9 u r lucky none people hate u
ham,also da feel yesterday night wait til 2day night dear
ham,boy late 2 home father power frndship
spam,2nd attempt contract u weeks top prize either 1000 cash 200 prize call 09066361921
spam,urgent trying contact u todays draw shows 800 prize guaranteed call 09050000460 land line claim j89 po box245c2150pm
ham,way ur home
ham,whatever want know rules talk earlier week start happening showing responsibility yet every week bend rule way way whatever tired thia argument every week lt gt movie doesnt inlude previews still getting 1
ham,ok ill send lt decimal gt ok
ham,come sec somebody want see
ham,lmao ok wont needing u hair anymore
ham,coughing nothing
ham,eh ur laptop got stock lei say mon muz come take look c got
ham,ya nice ready thursday
ham,booked ticket pongal
ham,hi wk ok hols yes bit run forgot hairdressers appointment four need get home n shower beforehand cause prob u
ham,hope scared
ham,hello u u 2 u b moving flat cos need arrange pick lamp etc take care hello caroline
ham,class hours sorry
spam,registered optin subscriber ur draw 4 100 gift voucher entered receipt correct ans 80062 whats no1 bbc charts
ham,fujitsu series lifebook good
ham,happy valentines day know early hundreds handsomes beauties wish thought finish aunties uncles 1st
ham,erutupalam thandiyachu
ham,much payed suganya
ham,taking italian food pretty dress panties
ham,ummma call check life begin qatar pls pray hard
ham,class get text
ham,sounds great home
ham,oh k k take test
ham,u dogbreath sounding like jan c al
ham,yes thought thanks
ham,done handed celebrations full swing yet
ham,might come kerala 2 days prepared take leave finalise dont plan travel visit need finish urgent works
ham,sounds good keep posted
ham,think chennai well settled
ham,means u could keep ur words
spam,private 2004 account statement 078498 7 shows 786 unredeemed bonus points claim call 08719180219 identifier code 45239 expires 06 05 05
ham,yup thk r e teacher said make face look longer darren ask 2 cut short
ham,den wat e schedule b lk sun
ham,text get call phones problems
ham,sea lays rock rock envelope envelope paper paper 3 words
ham,sorry hurt
ham,dear relieved westonzoyland going plan end
spam,records indicate u maybe entitled 5000 pounds compensation accident claim 4 free reply claim msg 2 stop txt stop
spam,todays vodafone numbers ending 0089 last four digits selected received 350 award number matches please call 09063442151 claim 350 award
spam,call germany 1 pence per minute call fixed line via access number 0844 861 85 85 prepayment direct access
spam,congrats 1 year special cinema pass 2 call 09061209465 c suprman v matrix3 starwars3 etc 4 free bx420 ip4 5we 150pm dont miss
ham,dont want hear anything
ham,lol gonna last month cashed left lt gt case collecting week cause announced blog
ham,hair cream shipped
ham,well im computerless time make oreo truffles
ham,thk 530 lor dunno get tickets wat u
ham,want go
ham,per request melle melle oru minnaminunginte nurungu vettam set callertune callers press 9 copy friends callertune
ham,room
ham,sorry help
ham,ok feel like john lennon
spam,18 days euro2004 kickoff u kept informed latest news results daily unsubscribe send get euro stop 83222
spam,free video camera phones half price line rental 12 mths 500 cross ntwk mins 100 txts call mobileupd8 08001950382 call2optout 674
ham,oi gonna ring
ham,ha must walk everywhere cannot take tram cousin said walk vic market hotel
ham,da al r lt gt
ham,yeh def up4 something sat got payed2day havbeen given 50 pay rise 4my work havebeen made preschoolco ordinator 2i feelingood luv
ham,omg want scream weighed lost weight woohoo
ham,pizza u want
ham,tirupur call da
ham,yupz oredi booked slots 4 weekends liao
spam,dorothy kiefer com bank granite issues strong buy explosive pick members 300 nasdaq symbol cdgt 5 00 per
ham,dare ask luck sorting car
ham,still chance search hard get let try
ham,stupid possible
ham,wot u 2 thout u gonna call txt bak luv k
ham,awesome deal gate charles told last night uh yeah
ham,7 esplanade mind giving lift cos got car today
ham,sry talk phone parents
ham,ok ok take care understand
ham,yun ah ubi one say wan call tomorrow call 67441233 look irene ere got bus8 22 65 61 66 382 ubi cres ubi tech park 6ph 1st 5wkg days n
ham,say slowly god love amp need clean heart blood send ten special people amp u c miracle tomorrow pls pls
ham,make cry stuff happens top everything else pushes edge underdtand often cry sorry sorry life
ham,slaaaaave must summon time wish come anymore
ham,trying weekend v
spam,hi 2nights ur lucky night uve invited 2 xchat uks wildest chat txt chat 86688 150p msgrcvdhg suite342 2lands row w1j6hl ldn 18yrs
ham,wait cornwall hope tonight bad well rock night shite anyway going kip good night speak soon
ham,happy new year princess
spam,b floppy b snappy happy gay chat service photo upload call 08718730666 10p min 2 stop texts call 08712460324
ham,ok
ham,
ham,lots used ones babe model help youi bring match
ham,u call alter 11 ok
spam,ever notice driving anyone going slower idiot everyone driving faster maniac
ham,started searching get job days great potential talent
spam,lord rings return king store reply lotr 2 june 4 chance 2 win lotr soundtrack cds stdtxtrate reply stop end txts
ham,yetunde class run water make ok pls
ham,lost 4 pounds since doc visit last week woot woot gonna celebrate stuffing face
ham,4 tacos 1 rajas burrito right
ham,greatest test courage earth bear defeat without losing heart gn tc
ham,significance
ham,ok would b lovely u r sure think wot u want drinkin dancin eatin cinema u wot
ham,ha ha popped loo hello ed hello
ham,wait msg lt gt min
ham,thought put back box
ham,g wants know fuck
ham,pay first lar da stock comin
ham,meet library
ham,havent lei next mon
ham,8 latest g still scrounge ammo want give new ak try
ham,haha kidding papa needs drugs
ham,went ganesh dress shop
ham,pick 5 15pm go taunton still want come
ham,dear ok
spam,sms services inclusive text credits pls goto www comuk net login 3qxj9 unsubscribe stop extra charge help 08702840625 comuk 220 cm2 9ae
spam,urgent trying contact u todays draw shows 800 prize guaranteed call 09050001808 land line claim m95 valid12hrs
ham,sorry delay yes masters
ham,wanna gym
ham,tessy pls favor pls convey birthday wishes nimya pls dnt forget today birthday shijas
ham,house maid murderer coz man murdered lt gt th january public holiday govt instituitions closed including post office understand
ham,hope settled new school year wishin gr8 day
ham,really quite funny lor wat u shd haf run shorter distance wat
ham,good hear
ham,oh k think wi nz players unsold
ham,okie
ham,u meet fren dun wan meet ah muz b guy rite
ham,good swimsuit allowed
ham,think going finn come
ham,hey booked 2 lessons sun liao
ham,necessarily respectful
ham,wanted say holy shit guys kidding bud
ham,felt conveying reason ese
ham,anything
spam,important customer service announcement premier
ham,stupid possible
ham,today sunday sunday holiday work
ham,probably come everybody done around lt gt right
ham,oops sorry check mind picking tomo half eight station would ok
ham,thank way lost
ham,decided people care stuff vote caring stuff losers
spam,guaranteed 1000 cash 2000 prize claim yr prize call customer service representative 08714712394 10am 7pm
ham,know msg recently
ham,hi hope good day better night
ham,dont use hook
ham,yar lor wait 4 mum 2 finish sch lunch lor whole morning stay home clean room room quite clean hee
ham,good think could send pix would love see top bottom
ham,okay booked already including one bugis
ham,yup still coffee wif frens fren drove give lift
ham,please reserve ticket saturday eve chennai thirunelvali tirunelvali chennai sunday eve already see net ticket available want book ticket tackle
ham,thread wishlist section forums ppl post nitro requests start last page collect bottom
ham,plz note anyone calling mobile co amp asks u type lt gt lt gt disconnect call coz iz attempt terrorist make use sim card itz confirmd nokia n motorola n verified cnn ibn
ham,hey leave big deal take care
ham,boy sweet words left morning sighs goes day love start studying
ham,e best 4 ur driving tmr
spam,message important information o2 user today lucky day 2 find log onto http www urawinner com fantastic surprise awaiting
spam,todays voda numbers ending 5226 selected receive 350 award hava match please call 08712300220 quoting claim code 1131 standard rates app
ham,noe ben going
ham,u got persons story
ham,hi roger cl
ham,g w r
spam,private 2003 account statement shows 800 un redeemed points call 08719899230 identifier code 41685 expires 07 11 04
ham,want come online
spam,want 2 get laid tonight want real dogging locations sent direct 2 ur mob join uk largest dogging network txting moan 69888nyt ec2a 31p msg 150p
ham,wont touch permission
ham,reached home finally
ham,great hope using connections mode men also cos never know old friends lead today
ham,house maid murderer coz man murdered lt gt th january public holiday govt instituitions closed including post office understand
ham,world famamus
ham,cant see join denis mina denis want alone time
ham,stupid possible
ham,sorry guess whenever get hold connections maybe hour two text
ham,juz remembered gotta bathe dog today
ham,press conference da
ham,oh k k big hitter anyway good
ham,yo parents gettin cash good news picked downstem
ham,want tell bad feel basically times text lately need drugs
ham,ok
ham,call say coming today ok tell fool like ok
ham,noe specify da domain nusstu still sch
ham,common hearin r u wat r u ur day let ask u something different u smile today gud evng
ham,sorry missed babe late slept hope enjoy driving lesson boytoy miss teasing kiss
ham,aight ask roommates
spam,call 09090900040 listen extreme dirty live chat going office right total privacy one knows sic listening 60p min 24 7mp 0870753331018
ham,friends want drive em someplace probably take
ham,u ever get song stuck head reason go away til u listen like 5 times
ham,studies alone without anyones help cant need study
ham,u wake already thanx 4 e tau sar piah quite nice
ham,forced eat slice really hungry tho sucks mark getting worried knows sick turn pizza lol
ham,yes many sweets
ham,
spam,private 2003 account statement 07815296484 shows 800 un redeemed points call 08718738001 identifier code 41782 expires 18 11 04
spam,important information 4 orange user 0796xxxxxx today ur lucky day 2 find log onto http www urawinner com fantastic prizeawaiting
ham,okay lor still let us go ah coz know later drop cards box right
spam,fantasy football back tv go sky gamestar sky active play 250k dream team scoring starts saturday register sky opt 88088
ham,nan sonathaya soladha boss
ham,pls send correct name da
ham,spring coming early yay
ham,wn u r hurt prsn close 2 u fight wit dem coz somtimes dis fight saves relation bt quiet leaves nothin relation gud eveb
ham,yeah still give ride
ham,hurry weed deficient like three days
ham,1 go write msg 2 put dictionary mode 3 cover screen hand 4 press lt gt 5 gently remove ur hand interesting
ham,pete phone still jenny college leanne
ham,tuesday night r u 4 real
ham,hmmm thought said 2 hours slave 3 late punish
ham,good evening sir al salam wahleykkum sharing happy news grace god got offer tayseer tissco joined hope fine inshah allah meet sometime rakhesh visitor india
ham,got tallent wasting
ham,good evening ttyl
ham,detroit home snow enjoy
ham,waited yesterday
spam,free game get rayman golf 4 free o2 games arcade 1st get ur games settings reply post save activ8 press 0 key arcade termsapply
ham,many people seems special first sight remain special till last sight maintain till life ends take cr da
ham,farm open
ham,dont want hear anything
ham,u haf 2 keep busy
ham,tell friends plan valentines day lt url gt
ham,literally bed like lt gt hours
ham,k sent
ham,wait lt gt min
ham,vl bcum difficult
ham,yes come nyc audiitions trying relocate
ham,promise take good care princess run please send pics get chance ttyl
ham,easy ah sen got selected means good
ham,watching tv got new job
ham,dear got bus directly calicut
spam,urgent please call 09066612661 landline 5000 cash luxury 4 canary islands holiday await collection cs sae award 20m12aq 150ppm 16
ham,mm way railway
ham,good friends care close friends understand true friends stay forever beyond words beyond time gud ni8
ham,hey looks like wrong one kappa guys numbers still phone want text see around
ham,call unable cal lets meet bhaskar deep
ham,pls go ahead watts wanted sure great weekend abiola
ham,inside office still filling forms know leave
spam,married local women looking discreet action 5 real matches instantly phone text match 69969 msg cost 150p 2 stop txt stop bcmsfwc1n3xx
ham,oic cos n sis got lunch today dad went dunno whether 2 eat sch wat
ham,well know z take care worries
ham,oh forwarded message thought send
ham,went ur hon lab one
ham,many people seems special first sight remain special till last sight maintain till life ends sh jas
ham,honey boo missing u
ham,fffff text kadeem far gone
ham,much r willing pay
ham,fri ah okie lor goin 4 drivin den go shoppin tt
ham,da good good player unsold
ham,nope wif sis lor aft bathing dog bathe looks like going 2 rain soon
ham,getting tickets 4 walsall tue 6 th march mate getting sat ill pay treat want 2 go txt bak terry
ham,sorry call later
ham,hey girl r u hope u r well del r bak long time c give call sum time lucyxx
ham,ok waliking ard u wan 2 buy anything go ur house
ham,searching good dual sim mobile pa
ham,nationwide auto centre something like newport road liked
ham,playin space poker u
ham,da vijay going talk jaya tv
spam,urgent mobile number awarded ukp 2000 prize guaranteed call 09061790125 landline claim 3030 valid 12hrs 150ppm
ham,add really care least get dude fuck hey money want
ham,yoyyooo u know change permissions drive mac usb flash drive
ham,hey elaine today meeting still
ham,popping lt gt ibuprofens help
ham,would great guild could meet bristol road somewhere get touch weekend plans take flight good week
ham,yeah usual guy town definitely people around know
ham,old orchard near univ
ham,thing r good thanx got exams march ive done revision fran still boyf ive gotta interviw 4 exeter bit worried x
ham,thing apes u fight death keep something minute u let go thats
ham,nope drivin neva develop da photos lei
ham,1apple day doctor 1tulsi leaf day cancer 1lemon day fat 1cup milk day bone problms 3 litres watr day diseases snd ths 2 u care
ham,said anything wrong sorry de
ham,probably earlier station think
ham,babes think got ur brolly left english wil bring 2mrw 4 u luv franxx
ham,wen ur lovable bcums angry wid u dnt take seriously coz angry childish n true way showing deep affection care n luv kettoda manda nice day da
ham,r comin back dinner
spam,orange brings ringtones time chart heroes free hit week go ringtones pics wap stop receiving tips reply stop
ham,meant middle left right
ham,best msg hard person u know one step foward make u fall love amp one step back ruin ur friendship good night
ham,nope waiting sch 4 daddy
ham,sir need axis bank account bank address
ham,dun believe leh tot told true already thk muz c us tog believe
ham,crucify c told earlier
ham,yup lunch buffet u eat already
ham,thanx yup coming back sun finish dinner going back 2 hotel time flies tog 4 exactly mth today hope haf many mths come
ham,yeah impression got
ham,home n ready
ham,u konw waht rael friendship im gving yuo exmpel jsut ese tihs msg evrey splleing tihs msg wrnog bt sitll yuo raed wihtuot ayn mitsake goodnight amp nice sleep sweet dreams
spam,ur cash balance currently 500 pounds maximize ur cash send collect 83600 150p msg cc 08718720201 po box 114 14 tcr w1
ham,tell shola please go college medicine visit academic department tell academic secretary current situation ask transfer ask someone check sagamu thing lautech vital completes medical education nigeria less expensive much less expensive unless getting citizen rates new zealand
ham,whatsup dont u want sleep
spam,bored speed dating try speedchat txt speedchat 80155 like em txt swap get new chatter chat80155 pobox36504w45wq 150p msg rcd 16
ham,believe attached seeing every day know best get babe go teach class midnight
ham,xy trying smth u eat already havent
spam,six chances win cash 100 20 000 pounds txt csh11 send 87575 cost 150p day 6days 16 tsandcs apply reply hl 4 info
spam,update 12mths half price orange line rental 400mins call mobileupd8 08000839402 call2optout j5q
ham,worry easy ingredients
ham,wake lt gt morning
spam,text pass 69669 collect polyphonic ringtones normal gprs charges apply enjoy tones
ham,idea guess work hour supposed leave since usual nobody interest figuring shit last second
ham,answerin phone actually pretty reasonable hour sleepy
ham,short cute good person dont try prove gud noon
spam,goal arsenal 4 henry 7 v liverpool 2 henry scores simple shot 6 yards pass bergkamp give arsenal 2 goal margin 78 mins
ham,yuou working getting pc mom find spot would work need
ham,send naughty pix
ham,ugh hopefully asus ppl dont randomly reformat
ham,lol trying make day little interesting
ham,lol grr mom taking forever prescription pharmacy like 2 minutes away ugh
ham,night worrying appt shame missed girls night quizzes popcorn hair
ham,sent type food like
ham,k k yesterday cbe
ham,film ill call later
ham,sorry bathroom sup
ham,change fb jaykwon thuglyfe falconerf
ham,ever easier
ham,could kiss feel next
ham,got like lt gt get later though get whatever feel like
ham,speak feel words better silence gud mrng
spam,ur cash balance currently 500 pounds maximize ur cash send cash 86688 150p msg cc 08718720201 po box 114 14 tcr w1
ham,back good journey let know need receipts shall tell like pendent
ham,hey happen de alright
spam,final chance claim ur 150 worth discount vouchers today text yes 85023 savamob member offers mobile cs savamob pobox84 m263uz 3 00 subs 16
ham,beerage
ham,rofl betta invest anti aging products
ham,im snowboarding trip wondering planning get everyone together befor go meet greet kind affair cheers
spam,ou guaranteed latest nokia phone 40gb ipod mp3 player 500 prize txt word collect 83355 ibhltd ldnw15h 150p mtmsgrcvd18
ham,thanx 4 time spent 2geva bin mint ur baby want u xxxx
ham,hurt tease make cry end life die plz keep one rose grave say stupid miss u nice day bslvyl
ham,oic better quickly go bathe n settle
ham,lmao fish memory need
ham,yeah thought lemme know anything goin later
ham,today accept day u accept brother sister lover dear1 best1 clos1 lvblefrnd jstfrnd cutefrnd lifpartnr belovd swtheart bstfrnd rply means enemy
ham,hey check da listed da
ham,hows watch resizing
ham,dare stupid wont tell anything hear wont talk
ham,pick
ham,didnt work oh ok goodnight fix ready time wake dearly missed good night sleep
ham,still grand prix
ham,gram usually runs like lt gt half eighth smarter though gets almost whole second gram lt gt
ham,hi good mornin thanku wish u
ham,know thinkin malaria relax children cant handle malaria would worse gastroenteritis takes enough replace loss temp reduce give malaria meds vomit self limiting illness means days completely stop
ham,also sorta blown couple times recently id rather text blue looking weed
ham,hiya good day spoken since weekend
ham,sure still available though
ham,yo jp hungry like mofo
ham,garage keys bookshelf
ham,wishing wonderful week
ham,living simple loving also simple laughing simple winning tooo simple simple difficult gud nte
spam,500 new mobiles 2004 must go txt nokia 89545 collect today 1 www 4 tc biz 2optout 087187262701 50gbp mtmsg18 txtauction
ham,lol great im getting hungry
ham,ok
ham,u gonna get deus ex
ham,painful words thought happy toughest thing earth toughest acting happy unspoken pain inside
ham,table occupied waiting tree
ham,ok prob come lunch
ham,b going 2 sch mon sis need 2 take smth
ham,sweet heart
ham,damn poor zac stand chance
ham,aight 8 latest probably closer 7 jay tyler two trips
ham,hmm bad news hype park plaza 700 studio taken left 2 bedrm 900
ham,ok
ham,oh really perform write paper go movie home midnight huh
ham,take exam march 3
ham,try g decided head
ham,hanks lotsly
ham,said gonna snow start around 8 9 pm tonite predicting inch accumulation
ham,god created gap btwn ur fingers dat sum1 vry special fill gaps holding ur hands plz dont ask created much gap legs
spam,want latest video handset 750 anytime network mins half price line rental reply call 08000930705 delivery tomorrow
ham,hai dear friends new amp present number rajitha raj ranju
ham,cute thought friendship necessary share every secret ur close frnd watever u shared true
ham,office na
ham,boo way moms making tortilla soup yummmm
ham,thanks sending mental ability question
ham,aight lemme know
ham,whore unbelievable
ham,thts god gift birds humans hav natural gift frm god
ham,yar lor u noe u used dat route
spam,winner u specially selected 2 receive 1000 cash 4 holiday flights inc speak live operator 2 claim 0871277810810
ham,r u scratching
spam,urgent 2nd attempt contact u 900 prize yesterday still awaiting collection claim call 09061702893 acl03530150pm
spam,urgent mobile number awarded 2000 prize guaranteed call 09058094454 land line claim 3030 valid 12hrs
ham,take care financial problem help
ham,dear good morning feeling dear
ham,true lov n care wil nevr go unrecognized though somone often makes mistakes valuing definitly undrstnd start missing
ham,lemme know
ham,u free sat rite u wan 2 watch infernal affairs wif n darren n mayb xy
ham,ok tell half hr b4 u come need 2 prepare
ham,alright good night
ham,god picked flower dippeditinadew lovingly touched itwhichturnedinto u gifted tomeandsaid friend 4u
ham,give something drink takes vomit temp might drop unmits however let know
ham,good good job like entrepreneurs
ham,youdoing later sar xxx
ham,think actually talk call boss morning went place last year told could go get car fixed cheaper kept telling today much hoped would come back always regretted getting number etc
ham,eaten day sitting staring juicy pizza eat meds ruining life
ham,joined today
ham,come home want u miserable
ham,outside office take
ham,theoretically yeah could able come
ham,okey doke home dressed cos laying around ill speak later bout times stuff
ham,customer place call
ham,nothing smsing u n xy lor sorry lor da guys neva c u person sort know u lor u wan 2 meet xy ask 2 bring u along 4 next meeting
ham,time think need know near campus
spam,specially selected receive 3000 award call 08712402050 lines close cost 10ppm 16 cs apply ag promo
ham,2 sleeping bags 1 blanket paper phone details anything else
ham,carlos pick swing usf little bit
ham,doubt could handle 5 times per night case
ham,anyway many good evenings u
ham,fine way u feel way gota b
ham,went project centre
ham,yeah fact asked needed anything like hour ago much
ham,ur paper
ham,sunny california weather cool
ham,opening mca
ham,whole car appreciated last two dad map reading semi argument apart things going ok p
ham,get gift year didnt get anything bad
ham,phone weirdest auto correct
ham,petey boy whereare friendsare thekingshead come canlove nic
ham,awesome question cute answer someone asked boy ur life smiled amp answered fine gudnite
ham,yes tv always available work place
ham,always celebrate ny family
ham,nothing jus tot u would ask cos u ba gua went mt faber yest yest jus went already mah today going jus call lor
ham,got room soon put clocks back til 8 shouted everyone get realised 7 wahay another hour bed
ham,sorry call later
spam,4mths half price orange line rental latest camera phones 4 free phone 11mths call mobilesdirect free 08000938767 update or2stoptxt cs
ham,make time tonight whenever cool text whenever around
ham,ok much though h friday cant wait dunno wot hell im gonna another 3 weeks become slob oh wait already done
ham,worry sure get
ham,alright head minutes text meet
ham,shb b ok lor thanx
ham,great
ham,alright took morphine back yo
spam,88066 lost 12 help
spam,thank winner notified sms good luck future marketing reply stop 84122 customer services 08450542832
ham,cool text head
ham,k actually guys meet sunoco howard right way
ham,u reach orchard already u wan 2 go buy tickets first
ham,hello baby get back mom setting computer filling belly goes loverboy miss already sighs
ham,going film 2day da 6pm sorry da
ham,part checking iq
spam,would like see xxx pics hot nearly banned uk
ham,write wat
ham,yep get program slacking
ham,hi always online yahoo would like chat someday
ham,nice line said broken heart plz cum 1 times infront wise trust u good 9t
ham,aiyo lesson early still sleepin haha okie u go home liao den confirm w lor
ham,8 min go lunch
ham,oi ami parchi na kicchu kaaj korte iccha korche na phone ta tul na plz plz
ham,motivate behind every darkness shining light waiting find behind every best friend always trust love bslvyl
ham,happy new year u ur family may new year bring happiness stability tranquility ur vibrant colourful life
ham,toshiba portege m100 gd
ham,e msg jus u said thanks gift
ham,meeting call later
ham,sorry call later
ham,saw ron burgundy captaining party boat yeah
ham,always even spirit get bb soon trying sure need
ham,know wait check
ham,samus shoulders yet
ham,yes know cheesy songs frosty snowman
ham,customer place wil cal u sir
ham,hi durban still number
ham,stuck da middle da row da right hand side da lt
ham,valentines huh proof fb page ugh glad really watch rupaul show tool
ham,wish
spam,smsservices yourinclusive text credits pls goto www comuk net login 3qxj9 unsubscribe stop extra charge help 08702840625 comuk 220 cm2 9ae
ham,belive come home
ham,home watching tv lor
ham,hey das cool iknow 2 wellda peril studentfinancial crisis spk 2 u l8r
ham,2 students solved cat question xam 5 3 2 lt gt 9 2 4 lt gt 8 6 3 lt gt 7 2 5 tell answer u r brilliant 1thing got answr
ham,yes last week taking live call
ham,back bit long cos accident a30 divert via wadebridge brilliant weekend thanks speak soon lots love
ham,like peoples much shy pa
ham,cuz ibored wanna study
ham,good morning love go sleep wish great day full feeling better opportunity last thought babe love kiss
ham,nah straight bring bud drinks something actually little useful straight cash
ham,see letter b car
ham,cant pick phone right pls send message
ham,dun cut short leh u dun like ah failed quite sad
ham,guys close
ham,cool like swimming pool jacuzzi house
ham,allo braved buses taken trains triumphed mean b ham jolly good rest week
ham,yes see ya dot
ham,come mu sorting narcotics situation
ham,said problem let know
ham,get opinion something first
ham,login dat time dad fetching home
ham,congrats kano whr treat maga
spam,mobile 11 months u r entitled update latest colour mobiles camera free call mobile update co free 08002986030
ham,haha first person gonna ask
ham,lei
ham,ran younger man make pretty babies together
ham,merry christmas u annie
ham,yun buying school got offer 2000 plus
ham,jay snickering tells x totally fucking chords speak
ham,let pool money together buy bunch lotto tickets win get lt gt u get lt gt deal
ham,sorry light turned green meant another friend wanted lt gt worth may around
ham,well balls time make calls
ham,guys getting back g said thinking staying mcr
ham,hi dude hw r u da realy mising u today
ham,phone
ham,know anthony bringing money school fees pay rent stuff like thats need help friend need
ham,take care sleep well need learn change life need get convinced wait conversations us get convinced time family many senses respect overemphasise u role life
ham,project w frens lor
ham,well great weekend
ham,haha think
ham,met alex nichols middle school turns dealing
ham,gentle baby soon taking lt gt inches deep inside tight pussy
ham,ok anybody asks abt u tel p
spam,double mins double txt 1 2 price linerental latest orange bluetooth mobiles call mobileupd8 latest offers 08000839402 call2optout lf56
ham,dint slept afternoon
ham,meant calculation lt gt units lt gt school really expensive started practicing accent important decided 4years dental school nmde exam
ham,good evening
ham,hey doc pls want get nice shirt hubby nice fiting ones budget lt gt k help pls load card abi hw keep posted luv 2 mj
spam,congratulations ur awarded either yrs supply cds virgin records mystery gift guaranteed call 09061104283 ts cs www smsco net 1 50pm approx 3mins
ham,spoons okay
ham,somebody go andros steal ice
ham,would smoking help us work difficult time
ham,please leave topic sorry telling
ham,free call
ham,hiya probably coming home weekend next
ham,yes trust u buy new stuff asap try
ham,thinking u x
ham,yes ammae life takes lot turns sit try hold steering
ham,xy ur car u picking
ham,cme want go hos 2morow wil cme got dear didnt say time
ham,gud mrng dear hav nice day
ham,forget though love walk beside watching keeping heart warm
ham,oh got many responsibilities
spam,u secret admirer looking 2 make contact u find r reveal thinks ur special call 09065171142 stopsms 08718727870150ppm
ham,aight ill get fb couple minutes
spam,freemsg hi baby wow got new cam moby wanna c hot pic fancy chat im w8in 4utxt rply chat 82242 hlp 08712317606 msg150p 2rcv
ham,sorry din lock keypad
spam,get garden ready summer free selection summer bulbs seeds worth 33 50 scotsman saturday stop go2 notxt co uk
spam,message brought gmw ltd connected
ham,movie theatre go watch unlimited movies pay
ham,still west coast haiz take forever come back
ham,telly brdget jones
ham,r going 4 today meeting
ham,gudnite tc practice going
ham,also fuck family going rhode island wherever fuck leaving alone week new bong gt
spam,congratulations u claim 2 vip row tickets 2 c blu concert november blu gift guaranteed call 09061104276 claim ts cs www smsco net cost 3 75max
ham,carlos says mu lt gt minutes
ham,chennai velachery
ham,lovely night xxx
ham,fps
ham,little difficult simple way enter place
ham,dont talk ever ok word
ham,awesome remember last time got somebody high first time diesel v
ham,also hi wesley
ham,hey darlin pick u college u tell wen 2 mt love pete xx
ham,wot u wanna missy
ham,mag meeting avo point
ham,stop calling everyone saying might cancer throat hurts talk answering everyones calls get one call babysitting monday
ham,haha legs neck killing amigos hoping end night burn think could swing like hour
ham,hahaha use brain dear
ham,call
ham,told hr want posting chennai working
spam,guaranteed 200 award even 1000 cashto claim ur award call free 08000407165 18 2 stop getstop 88222 php
ham,might accidant tookplace somewhere ghodbandar rd traffic moves slovely plz slip amp worry
spam,congrats 1 year special cinema pass 2 call 09061209465 c suprman v matrix3 starwars3 etc 4 free bx420 ip4 5we 150pm dont miss
ham,let know got money carlos make call
ham,loverboy keeps coming queen hmmm ache speak miss desparately
spam,u meet ur dream partner soon ur career 2 flyng start 2 find free txt horo followed ur star sign e g horo aries
ham,sorry call later
ham,tap spile seven pub gas st broad st canal ok
ham,know shall speak lt gt minutes
ham,love hear v see sundayish
ham,hahaha use brain dear
ham,wnt buy bmw car urgently vry urgent hv shortage lt gt lacs source arng dis amt lt gt lacs thats prob
ham,friendship game play word say start march ends may tomorrow yesterday today e
ham,wants talk
ham,dear reache room
ham,u sick still go shopping
ham,oh ok prob
ham,ok lor go tog lor
ham,sorry text amp drive coherently see twenty
ham,u drive lor
ham,reached already
ham,hmm yeah grooved im looking forward pound special
ham,tick tick tick could die loneliness know pouts stomps feet need
ham,thanx lot
ham,campus library
ham,dunno wat get 4
ham,eh den sat u book e kb liao huh
ham,hi wlcome back wonder got eaten lion something nothing much
ham,call number available appointment ask connect call waheed fathima
ham,wish things different wonder able show much value pls continue brisk walks drugs without askin please find things laugh love dearly
ham,gonna get rimac access
ham,well slightly disastrous class pm fav darlings hope day ok coffee wld good stay late tomorrow time place always
spam,ripped get mobile content www clubmoby com call 08717509990 poly true pix ringtones games six downloads 3
ham,u download fring app
ham,moji informed saved lives thanks
ham,shall bring us bottle wine keep us amused joking bring one anyway
ham,bot notes oredi cos juz rem got
ham,wife knew time murder exactly
ham,k ill drink pa need srs model pls send mail id pa
spam,someone contacted dating service entered phone becausethey fancy find call landline 09058098002 pobox1 w14rg 150p
ham,thk gotta go home urself cos b going shopping 4 frens present
spam,please call customer service representative freephone 0808 145 4742 9am 11pm guaranteed 1000 cash 5000 prize
ham,wake long ago already dunno thing
ham,havent mus ask u 1st wat meet 4 lunch den u n meet already lor u wan 2 go ask da ge 1st confirm w asap
ham,home
ham,sent ur email id soon
ham,dude saw parked car sunroof popped sux
spam,urgent call 09061749602 landline complimentary 4 tenerife holiday 10 000 cash await collection sae cs box 528 hp20 1yf 150ppm 18
ham,im sorry bout last nite ur fault spouse pmt sumthin u 4give think u shldxxxx
ham,well uv causes mutations sunscreen like essential thesedays
ham,u today
ham,k makes sense btw carlos difficult guys gonna smoke go pick second batch get gas
ham,hey come online use msn
ham,dear regret cudnt pick call drove frm ctla cochin home left mobile car ente style ishtamayoo happy bakrid
ham,one
ham,told returned order
spam,urgent mobile number 2000 bonus caller prize 10 06 03 2nd attempt reach call 09066368753 asap box 97n7qp 150ppm
ham,next lt gt hours imma flip shit
ham,wat r u
ham,haha yeah 2 oz kind shitload
ham,run away frm u walk slowly amp kills u care enough stop
ham,anything lar
ham,havent
ham,askd u question hours answer
ham,place ur points e cultures module already
ham,gettin rdy ship comp
ham,surfing online store offers want buy thing
ham,u attend ur driving lesson many times wk n day
ham,trip ok quite tiring lor uni starts today ok 4 cos taking modules jus concentrating final yr project
ham,dont understand message
ham,going 2 orchard laready reaching soon u reaching
ham,hey gals anyone u going e driving centre tmr
ham,u really pig leh sleep much dad wake 10 smth 2 eat lunch today
ham,cool text parked
ham,checking
ham,know complain num bettr directly go bsnl offc nd apply
ham,solve case man found murdered lt decimal gt lt gt afternoon 1 wife called police 2 police questioned everyone 3 wife sir sleeping murder took place 4 cook cooking 5 gardener picking vegetables 6 house maid went 2 post office 7 children went 2 play 8 neighbour went 2 marriage police arrested murderer immediately reply reason u r brilliant
spam,4mths half price orange line rental latest camera phones 4 free phone 11mths call mobilesdirect free 08000938767 update or2stoptxt
ham,love
ham,probably want pick
ham,yeah think use gt atm register sure anyway help let know sure ready
spam,call germany 1 pence per minute call fixed line via access number 0844 861 85 85 prepayment direct access www telediscount co uk
ham,tell said eat shit
ham,cool breeze bright sun fresh flower twittering birds waiting wish u goodmorning amp nice day
ham,hey time driving fri go evaluation fri
spam,want new video phone 750 anytime network mins half price line rental free text 3 months reply call 08000930705 free delivery
ham,uhhhhrmm isnt tb test bad youre sick
ham,wat dear sleeping ah
spam,text82228 get ringtones logos games www txt82228 com questions info txt82228 co uk
ham,sorry call later
ham,well imma definitely need restock thanksgiving let know
ham,want lt gt rs da
ham,thk 50 shd ok said plus minus 10 leave line paragraphs
ham,b late love mum
ham,found diff farm shop buy cheese way back call
ham,bill letters expecting one orange bill may still say orange
ham,meeting call later
ham,mmmmm loved waking words morning miss love hope day goes well happy wait us together
spam,twinks bears scallies skins jocks calling miss weekend fun call 08712466669 10p min 2 stop texts call 08712460324 nat rate
ham,opinion 1 2 jada 3 kusruthi 4 lovable 5 silent 6 spl character 7 matured 8 stylish 9 simple pls reply
spam,sunshine hols claim ur med holiday send stamped self address envelope drinks us uk po box 113 bray wicklow eire quiz starts saturday unsub stop
ham,like shaking booty dance floor
ham,sounds great im going sleep good night
ham,said right giggle saw u would possibly first person2die nvq think much could
ham,tomorrow going theatre come wherever u call tell come tomorrow
ham,anytime
ham,yup finished c
ham,hey late ah meet 945
ham,2 half years missed friendship
ham,oh ok wait 4 lect havent finish
ham,done internet connection v slow send try later first thing tomo
ham,nothing much chillin home super bowl plan
ham,think mentor 100 percent sure
ham,real baby want bring inner tigress
ham,long applebees fucking take
ham,probably gonna swing wee bit
ham,well big surprise
ham,dear free messages without recharge hi hi hi
ham,probably gonna see later tonight lt
ham,remember
ham,ok lor anyway thk cant get tickets cos like quite late already u wan 2 go look 4 ur frens darren wif
spam,free msg get gnarls barkleys crazy ringtone totally free reply go message right
ham,oh ho first time u use type words
ham,u goin 2nite
ham,oops thk dun haf enuff go check tell
ham,coffee cake guess
spam,urgent urgent 800 free flights europe give away call b4 10th sept take friend 4 free call claim 09050000555 ba128nnfwfly150ppm
ham,really need 2 kiss u miss u baby ur baby 4eva
ham,k u bored come home
spam,sim subscriber selected receive bonus get delivered door txt word ok 88600 claim 150p msg exp 30apr
spam,next amazing xxx picsfree1 video sent enjoy one vid enough 2day text back keyword picsfree1 get next video
ham,stand away heart ache without wonder crave
ham,first time dhoni rocks
ham,usf guess might well take 1 car
spam,money r lucky winner 2 claim prize text money 2 88600 1million give away ppt150x3 normal text rate box403 w1t1jy
ham,download clear movies dvd copies
spam,valentines day special win 1000 quiz take partner trip lifetime send go 83600 150p msg rcvd custcare 08718720201
ham,u definitely need module e humanities dis sem izzit u wan 2 take modules 1st
ham,find way include details
ham,give everything want need actually could better yor got money get work get man pay rent even fill fucking gas tank yes stressed depressed even call home thanksgiving cuz tell nothing
ham,noe la u wana pei bf oso rite k lor days den
ham,ahhhh woken bad dream u tho dont like u right didnt know anything comedy night guess im
ham,waiting e car dat bored wat cos wait outside got nothing 2 home stuff watch tv wat
ham,wat u
ham,enufcredeit tocall shall ileave uni 6 get bus yor house
ham,1 thing change sentence want 2 concentrate educational career im leaving
spam,nokia 7250i get win free auction take part send nokia 86021 hg suite342 2lands row w1jhl 16
ham,mummy boy good bad positive negative mummy made wait hmmmm
spam,free ringtone waiting collected simply text password mix 85069 verify get usher britney fml po box 5249 mk17 92h 450ppw 16
ham,imagine life without see fast u searching worry l always disturb u goodnoon
ham,aiyah u ok already lar e nydc wheellock
ham,going thru different feeling wavering decisions coping individual time heal everything believe
spam,free nokia motorola upto 12mths 1 2price linerental 500 free x net mins 100txt mth free b tooth call mobileupd8 08001950382 call 2optout d3wv
ham,ne thing interesting good birthday u wrking nxt started uni today
ham,happen dear tell
ham,wot wed nite 3 til 9
ham,check rooms befor activities
ham,gifts trying get throw cliff something
ham,aight chillin friend room text way
ham,ok shall talk
ham,antha num corrct dane
ham,ard 4 lor
ham,yeah probably swing roommate finishes girl
ham,good movie ok leave hourish
ham,sure yet still trying get hold
ham,wow love sooo much know barely stand wonder day goes well love think miss
ham,babes hope ok shit nights sleep fell asleep 5 knackered dreading work tonight thou upto tonight x
ham,leave
ham,okie
ham,nice day impressively sensible went home early feel fine boring remember
spam,last chance claim ur 150 worth discount vouchers today text shop 85023 savamob offers mobile cs savamob pobox84 m263uz 3 00 sub 16
ham,woke yeesh late fall asleep til lt gt
ham,although told u dat baig face watches really like e watch u gave cos fr u thanx 4 everything dat u done today touched
ham,well might come
ham,lt gt pple marry lovers becz hav gud undrstndng dat avoids problems sent dis 2 u u wil get gud news friday person like tomorrow best day life dont break chain break suffer send lt gt frnds lt gt mins whn u read
ham,also thk fast xy suggest one u dun wan ok going 2 rain leh got gd
ham,yup ok
spam,ur chance win 250 cash every wk txt action 80608 c www movietrivia tv custcare 08712405022 1x150p wk
ham,u missed u havent 2 much bit bored holiday want 2 go bak 2 college sad isnt xx
ham,right second gotta hit people first
ham,apart one told yesterday
ham,yeah give call got minute
spam,great news call freefone 08006344447 claim guaranteed 1000 cash 2000 gift speak live operator
ham,mmmmmm love much ahmad wait year begin every second takes closer side happy new year love
ham,bloo bloo bloo miss first bowl
ham,hope good week checking
ham,left yet probably gonna til dinner
ham,bus leaves lt gt
ham,beauty sleep help ur pimples
ham,later guess needa mcat study
ham,bad girl lady
ham,oh yah never cancel leh haha
spam,tried contact reply offer video handset 750 anytime networks mins unlimited text camcorder reply call 08000930705
ham,spoil bed well
ham,put party 7 days week study lightly think need draw custom checkboxes know hardcore
ham,thank meet monday
ham,jus hope true missin cos really missin done anything feel guilty yet
ham,maybe could get book tomo return immediately something
ham,hope alright babe worry might felt bit desparate learned job fake waiting come back love
ham,tell something thats okay
ham,okay chasing dream good next
ham,hi sorry missed call pls call back
ham,ok set let u noe e details later
ham,india going draw series many years south african soil
spam,double mins 1000 txts orange tariffs latest motorola sonyericsson nokia bluetooth free call mobileupd8 08000839402 call2optout hf8
spam,win winner mr foley ipod exciting prizes soon keep eye ur mobile visit www win 82050 co uk
spam,5 free top polyphonic tones call 087018728737 national rate get toppoly tune sent every week text subpoly 81618 3 per pole unsub 08718727870
ham,holding
ham,sorry call later meeting sir
spam,xclusive clubsaisai 2morow 28 5 soiree speciale zouk nichols paris free roses 2 ladies info 07946746291 07880867867
ham,everybody fun evening miss
ham,yes think office lap room think thats last days didnt shut
ham,jus reached home go bathe first sis using net tell u finishes k
spam,freemsg 1 month unlimited free calls activate smartcall txt call 68866 subscriptn3gbp wk unlimited calls help 08448714184 stop txt stop landlineonly
ham,hope great day
ham,send copy da report
ham,uncle abbey happy new year abiola
ham,guys
ham,check nuerologist
ham,whats coming hill monster hope great day things r going fine busy though
ham,ooooooh forgot tell u get yoville phone
ham,beautiful truth gravity read carefully heart feels light someone feels heavy someone leaves goodmorning
ham,take major roles community outreach rock mel
ham,sorry call later meeting
ham,take exam march 3
ham,amazing quote sometimes life difficult decide whats wrong lie brings smile truth brings tear
ham,wat time liao still got
ham,good weekend
ham,hello r u im bored inever thought id get bored tv tell something exciting happened anything
ham,gosh pain spose better come
ham,haha figures well found piece priscilla bowl
spam,hottest pics straight phone see getting wet wanting xx text pics 89555 txt costs 150p textoperator g696ga 18 xxx
ham,took mr owl 3 licks
ham,ok
spam,awarded sipix digital camera call 09061221061 landline delivery within 28days cs box177 m221bp 2yr warranty 150ppm 16 p p 3 99
ham,basket gettin full might tonight
ham,cos lar ba dao ok 1 pm lor u never ask go ah said u would ask fri said u ask today
spam,latest news police station toilet stolen cops nothing go
spam,get brand new mobile phone agent mob plus loads goodies info text mat 87021
ham,got meh
ham,oh shut omg yesterday dream 2 kids boys pissed kids boys even told mark dream changing diapers cause getting owed face
ham,customer place call
ham,great p diddy neighbor comes toothpaste every morning
ham,calls messages missed calls
ham,sure see come bit
ham,arrived see couple days lt 3
ham,bring tat cd forget
ham,reassuring crazy world
ham,k roommate also wants dubsack another friend may also want plan bringing extra tell know sure
ham,ta daaaaa home babe still
ham,nope think go monday sorry replied late
spam,rgent 2nd attempt contact u u 1250 call 09071512433 b4 050703 csbcm4235wc1n3xx callcost 150ppm mobilesvary max 7 50
spam,valued customer pleased advise following recent review mob awarded 1500 bonus prize call 09066368470
ham,thats cool want please
ham,also north carolina texas atm would go gre site pay test results sent
ham,pa tell went bath
ham,aight tomorrow around lt gt
ham,find sent offline message know anjola
ham,miles smiles r made frm letters u know difference smile ur face keeps happy even though miles away u keep smiling good nyt
ham,k k sms chat
ham,available like right around hillsborough amp lt gt th
ham,pls send address sir
ham,sir good morning hope good weekend called let know able raise lt gt dad however said would make rest available mid feb amount still quite short hoping would help good day abiola
spam,dear voucher holder claim weeks offer pc please go http www wtlp co uk text ts cs apply
ham,super da good replacement murali
ham,geeeee internet really bad today eh
ham,telling coulda real valentine u never pick nothing
spam,gr8 new service live sex video chat mob see sexiest dirtiest girls live ur phone 4 details text horny 89070 cancel send stop 89070
ham,ill call u 2mrw ninish address icky american freek wont stop callin 2 bad jen k eh
ham,thats cool liked photos sexy
ham,looks like found something smoke great job
ham,u laugh really loud u talk spontaneously u dont care others feel u probably dear amp best friends goodevening dear
ham,gonna ring weekend wot
ham,ok dear call chechi
ham,home also
ham,haha awesome minute
ham,wan come come lor din c stripes skirt
ham,sorry call later
spam,call 08702490080 tells u 2 call 09066358152 claim 5000 prize u 2 enter ur mobile personal details prompts careful
ham,hate call didnt accept even single call mine even messaged
ham,seeing
ham,sindu got job birla soft
ham,come around lt decimal gt pm vikky otside nw il come tht time
ham,yup ok
ham,cant pick phone right pls send message
ham,pls come quick cant bare
ham,lol hot air balloon
ham,hey thk juz go accordin wat discussed yest lor except kb sun cos nt much lesson go attend kb sat
ham,happened interview
ham,hi happy birthday hi hi hi hi hi hi hi
ham,anyways go gym whatever love smiles hope ok good day babe miss much already
ham,good afternoon boytoy goes walking day get police abstract still wake miss babe
ham,hi msg office
ham,sure driving reach destination soon
ham,met stranger choose friend long world stands friendship never ends lets friends forever gud nitz
ham,gotta collect da car 6 lei
ham,alrite sam nic checkin ur number b
ham,fine give call knows wants questions
ham,lol feel bad use money take steak dinner
ham,thanks reply today ur visa coming r u still buying gucci bags sister things easy uncle john also bills really need think make money later sha
ham,got job wipro get every thing life 2 3 years
ham,hello u call wen u finish wrk fancy meetin wiv u tonite need break dabooks 4 hrs last nite 2 today wrk
spam,reminder o2 get 2 50 pounds free call credit details great offers pls reply 2 text valid name house postcode
spam,5p 4 alfie moon children need song ur mob tell ur m8s txt tone charity 8007 nokias poly charity polys zed 08701417012 profit 2 charity
ham,huh means computational science like dat one push n
spam,update xmas offer latest motorola sonyericsson nokia free bluetooth double mins 1000 txt orange call mobileupd8 08000839402 call2optout f4q
ham,ok come home vl nice meet v chat
ham,dont know ask brother nothing problem thing told
ham,eek lot time especially since american pie like 8 minutes long stop singing
spam,england v macedonia dont miss goals team news txt ur national team 87077 eg england 87077 try wales scotland 4txt 1 20 poboxox36504w45wq 16
ham,yet chikku going room nw bus
ham,good trip watch remember get back must decide easter
ham,nvm ok
ham,hai ana tomarrow coming morning lt decimal gt ill sathy go rto office reply came home
ham,take small dose tablet fever
ham,reason spoken year anyways great week best exam
ham,paying attention
ham,oh really make air talent
spam,please call customer service representative freephone 0808 145 4742 9am 11pm guaranteed 1000 cash 5000 prize
ham,wats ur opinion abt abt character
ham,nvm take ur time
ham,wondering would okay call uncle john let know things nigeria r lt gt dollars 2years sent know strain plan pay back every dime gives every dime expect anything practical something like
ham,well good morning mr hows london treatin ya treacle
ham,cool shall go see go tip anyway home got something drop later lets go town tonight maybe mum take us
spam,life never much fun great came made truly special forget enjoy one gbp sms
ham,ok said got wisdom teeth hidden inside n mayb need 2 remove
ham,case wake wondering forgot take care something grandma today done parade
spam,urgent important information o2 user today lucky day 2 find log onto http www urawinner com fantastic surprise awaiting
ham,hello news job making wait fifth week yeah im woozles weasels exeter still home 3
ham,good wondering wont say hi smiling coping long distance
ham,wot u 2 bitch
ham,know mallika sherawat yesterday find lt url gt
ham,lt gt g saw days ago guy wants sell wifi lt gt 3g lt gt blanked
spam,private 2004 account statement 07742676969 shows 786 unredeemed bonus points claim call 08719180248 identifier code 45239 expires
ham,movies laptop
ham,sorry meeting call later
ham,blankets sufficient thx
ham,great princess love giving receiving oral doggy style fave position enjoy making love lt gt times per night
spam,chance win free bluetooth headset simply reply back adp
ham,meeting u work tel shall work tomorrow
spam,save money wedding lingerie www bridal petticoatdreams co uk choose superb selection national delivery brought weddingfriend
ham,take phone callon friday assume year
ham,purity friendship two smiling reading forwarded message smiling seeing name gud evng musthu
ham,aiyo u poor thing u dun wan 2 eat u bathe already
ham,k k also fine complete course
spam,guaranteed latest nokia phone 40gb ipod mp3 player 500 prize txt word collect 83355 ibhltd ldnw15h 150p mtmsgrcvd18
ham,nobody decide eat dad wants chinese
ham,ok
ham,sorry call later
ham,thanks chikku gud nyt
ham,hey late amk need drink tea coffee
ham,sorry call later
ham,waqt se pehle naseeb se zyada kisi ko kuch nahi milta zindgi wo nahi jo hum sochte hai zindgi wo hai jo ham jeetey hai
ham,total disappointment texted craziest shit got
ham,babe said 2 hours almost 4 internet
spam,urgent call 09066612661 landline complementary 4 tenerife holiday 10 000 cash await collection sae cs po box 3 wa14 2px 150ppm 18 sender hol offer
ham,think need going late school night especially one class one missed last wednesday probably failed test friday
ham,hmmm thk sure got time hop ard ya go 4 free abt muz call u discuss liao
ham,k da many page want
ham,yunny walking citylink faster come hungry
ham,derp worse dude always wants party dude files complaint three drug abusers lives
ham,jolly good way give u tickets sat eve 7 30 speak x
ham,always make things bigger
ham,dont show far put new pictures facebook
ham,way
ham,smith waste da wanna gayle
ham,send yetty number pls
ham,eat old airport road 630 oredi got lot pple
ham,also didnt get na hi hi hi hi hi
ham,u mean u almost done done wif sleeping tot u going take nap yup send liao picking ard 4 smth lor
ham,babe goes day sip cappuccino think love send kiss across sea
ham,uncles atlanta wish guys great semester
ham,ok
ham,buy one egg da please
ham,clothes jewelry trips
ham,opinion 1 2 jada 3 kusruthi 4 lovable 5 silent 6 spl character 7 matured 8 stylish 9 simple pls reply
ham,hey babe sorry get sooner gary come fix cause thinks knows go far ptbo says cost lt gt bucks know might cheaper find someone second hand machines right let know want babe
ham,solve case man found murdered lt decimal gt lt gt afternoon 1 wife called police 2 police questioned everyone 3 wife sir sleeping murder took place 4 cook cooking 5 gardener picking vegetables 6 house maid went 2 post office 7 children went 2 play 8 neighbour went 2 marriage police arrested murderer immediately reply reason u r brilliant
ham,dear denying words please
ham,going 4 dinner soon
ham,screaming means shouting
ham,oh wow thats gay firmware update help
ham,oh grand bit party mention cover charge probably first come first served
spam,dear matthew please call 09063440451 landline complimentary 4 lux tenerife holiday 1000 cash await collection ppm150 sae cs box334 sk38xh
ham,sister belongs 2 family hope tomorrow pray 4 fated 4 shoranur train incident lets hold hands together amp fuelled love amp concern prior 2 grief amp pain pls join dis chain amp pass stop violence women
ham,slept time
ham,hi im relaxing time ever get 7am every day party good night get home tomorrow 5ish
spam,new tones week include 1 mcfly ab 2 sara jorge shock 3 smith switch order follow instructions next message
ham,schedule next week town weekend
ham,show wot say could u c 4 dust
ham,hi darlin im way london smashed another driver big dent im really missing u u xxx
spam,contract mobile 11 mnths latest motorola nokia etc free double mins text orange tariffs text yes callback remove records
ham,ask dad pick lar wan 2 stay 6 meh
ham,time ur flight tmr
ham,pay lt decimal gt lakhs
ham,hey forget mine possession property mmm childish smile
ham,wil lt gt minutes got space
spam,urgent trying contact u todays draw shows 800 prize guaranteed call 09050001808 land line claim m95 valid12hrs
spam,congrats 1 year special cinema pass 2 call 09061209465 c suprman v matrix3 starwars3 etc 4 free bx420 ip4 5we 150pm dont miss
ham,jus finish watching tv u
ham,cant pick phone right pls send message
ham,famous quote develop ability listen anything unconditionally without losing temper self confidence means married
spam,win urgent mobile number awarded 2000 prize guaranteed call 09061790121 land line claim 3030 valid 12hrs 150ppm
ham,da run activate full version da
ham,text creepy like think forgot
spam,18 days euro2004 kickoff u kept informed latest news results daily unsubscribe send get euro stop 83222
ham,dont thnk wrong calling us
spam,dear 0776xxxxxxx u invited xchat final attempt contact u txt chat 86688 150p msgrcvdhg suite342 2lands row w1j6hl ldn 18yrs
ham,yo carlos friends already asking working weekend
ham,real tho sucks even cook whole electricity hungry
ham,busy trying finish new year looking forward finally meeting
ham,lol mad first woke gave
ham,got lots hair dresser fr china
ham,callin say hi take care bruv
ham,might want pull case plan spending much confidence derek taylor money management
ham,dis yijue jus saw ur mail case huiming havent sent u num dis num
ham,helloooo wake sweet morning welcomes enjoy day full joy gud mrng
ham,know wot people wear shirts jumpers hat belt know r cribbs
ham,gr8 see message r u leaving congrats dear school wat r ur plans
ham,ducking chinchillas
ham,fucking chickened messaged would late woould buzz hear word
ham,da happy sit together na
spam,text meet someone sexy today u find date even flirt u join 4 10p reply name age eg sam 25 18 msg recd thirtyeight pence
ham,k addie amp art get home
ham,yo way could pick something tonight
ham,parents kidz friends n colleagues screaming surprise waiting sofa naked
ham,u noe wat time e place dat sells 4d closes
ham,wat time u wan 2 meet later
ham,liked new mobile
ham,electricity went fml
spam,burger king wanna play footy top stadium get 2 burger king 1st sept go large super coca cola walk winner
ham,home ard wat time u reach
ham,thats cool gentleman treat dignity respect
ham,girl stay bed girl need recovery time id rather pass fun cooped bed
ham,annoying
spam,1 new message call 0207 083 6089
ham,mode men left
ham,bus way calicut
ham,mm entirely sure understood text hey ho weekend
ham,company good environment terrific food really nice
ham,hey congrats 2u2 id luv 2 ive 2 go home
ham,u got persons story
ham,wat
ham,going lunch
ham,sounds gd haha wah u yan jiu fast liao
ham,naughty little thought better flirt flirt n flirt rather loving someone n gettin hurt hurt n hurt gud nyt
ham,town v important
ham,cos shopping wif darren jus n called 2 ask wat present wan lor started guessing wif n finally guessed darren lor
ham,see film
ham,thanks looking really appreciate
ham,love wine dine lady
spam,urgent call 09066350750 landline complimentary 4 ibiza holiday 10 000 cash await collection sae cs po box 434 sk3 8wp 150 ppm 18
ham,operate lt gt
ham,awesome plan get time like lt gt text details wee bit
ham,talk atleast day otherwise miss best friend world shakespeare shesil lt gt
ham,tired special
ham,1 go write msg 2 put dictionary mode 3 cover screen hand 4 press lt gt 5 gently remove ur hand interesting
ham,u sure u take sick time
ham,going write ccna exam week
ham,talking thats de wont
ham,home work meh
ham,new theory argument wins situation loses person dont argue ur friends kick amp say always correct
ham,hmm uncle informed paying school directly pls buy food
spam,loans purpose even bad credit tenants welcome call noworriesloans com 08717111821
ham,den weekdays got special price haiz cant eat liao cut nails oso muz wait finish drivin wat lunch still muz eat wat
ham,nice day today love dearly
ham,bought test yesterday something lets know exact day u ovulate get 2u 2 3wks pls pls dont fret know u r worried pls relax also anything ur past history u need tell
ham,joy father john john name joy father mandan
ham,lunch come quickly open door
ham,well officially philosophical hole u wanna call home ready saved
spam,dear u invited xchat final attempt contact u txt chat 86688 150p msgrcvdhg suite342 2lands row w1j6hl ldn 18 yrs
ham,good morning dear great amp successful day
ham,hoping get away 7 langport still town tonight
ham,keep ten rs shelf buy two egg
ham,mean left early check cos working 9 6
ham,haha friend tyler literally asked could get dubsack
spam,registered subscriber yr draw 4 100 gift voucher b entered receipt correct ans next olympics txt ans 80062
ham,go buy wif meet later
ham,enjoy ur life good night
ham,want leave barely stay sane fighting constantly helping
ham,okay wait ah
ham,yep great loxahatchee xmas tree burning lt gt starts hour
ham,tot u outside cos darren say u come shopping course nice wat jus went sim lim look mp3 player
ham,u coming funeral home
ham,going join tomorrow
spam,tried contact reply offer 750 mins 150 textand new video phone call 08002988890 reply free delivery tomorrow
ham,good words words may leave u dismay many times
ham,sorry call later
ham,ok pa nothing problem
spam,want new video handset 750 time network mins unlimited text camcorder reply call 08000930705 del sat
ham,da bus going home
ham,first strike red one bird antelope begin toplay fieldof selfindependence believe flower contention grow random
ham,aiyo please got time meh
ham,purity friendship two smiling reading forwarded message smiling seeing name gud evng
ham,hey iouri gave number wylie ryan friend
ham,happy birthday may u find ur prince charming soon n dun work hard
ham,ok thk got u wan 2 come wat
ham,ful song lyrics
spam,know u u know send chat 86688 let find 150p msg rcvd hg suite342 2lands row w1j6hl ldn 18 years
ham,great shoot big loads get ready
spam,block breaker comes deluxe format new features great graphics mobile buy 5 replying get bbdeluxe take challenge
ham,err cud going 8pm got way contact
ham,chill another 6hrs could sleep pain surgical emergency see unfolds okay
ham,means got epi fine
ham,great princess thinking
ham,thanks loving rock
ham,cthen thk shd b enuff still got conclusion n contents pg n references b da contents pg n cover pg
spam,congratulations thanks good friend u 2 000 xmas prize 2 claim easy call 08718726971 10p per minute bt national rate
spam,winner valued network customer selected receivea 900 prize reward claim call 09061701461 claim code kl341 valid 12 hours
ham,lol alright thinkin haha
ham,love give massages use lots baby oil fave position
ham,sent like
ham,congratulations ore mo owo wa enjoy wish many happy moments fro wherever go
ham,friends help us problems give stupid suggestion lands us another problem helps us forgt previous problem
spam,orange customer may claim free camera phone upgrade loyalty call 0207 153 9996 offer ends 14thmarch c apply opt availa
ham,ya taking ure practical lessons start june
ham,welp apparently retired
spam,contract mobile 11 mnths latest motorola nokia etc free double mins text orange tariffs text yes callback remove records
spam,xxxmobilemovieclub use credit click wap link next txt message click http wap xxxmobilemovieclub com n qjkgighjjgcbl
ham,hi darlin im missin u hope good time u back time u give call home jess xx
ham,u look 4 da lib got stuff havent finish yet
spam,u r subscribed 2 textcomp 250 wkly comp 1st wk free question follows subsequent wks charged 150p msg 2 unsubscribe txt stop 2 84128 custcare 08712405020
ham,finish liao u
ham,huh early dinner outside izzit
ham,love hope anything drastic dare sell pc phone
ham,cos want thing
ham,well watch shrek 3d b
ham,career tel added u contact indyarocks com send free sms remove phonebook sms lt gt
spam,please call customer service representative 0800 169 6031 10am 9pm guaranteed 1000 cash 5000 prize
spam,free message activate 500 free text messages replying message word free terms conditions visit www 07781482378 com
ham,nope c
ham,hi jess dont know work call u im home eve xxx
ham,izzit still raining
ham,k k business
ham,meet corporation st outside gap see mind working
spam,congrats 2 mobile 3g videophones r call 09063458130 videochat wid ur mates play java games dload polyph music noline rentl bx420 ip4 5we 150p
ham,urgh coach hot smells chip fat thanks especially duvet predictive text word
spam,message free welcome new improved sex dogging club unsubscribe service reply stop msgs 150p 18
ham,walked hour 2 c u show care wont u believe im serious
ham,package programs well
ham,dont know getting messages
ham,taking derek amp taylor walmart back time done leave mouse desk text priscilla ready
spam,hi sexychat girls waiting text text great night chatting send stop stop service
ham,time thinkin goin
ham,fuck babe happened come never came back
ham,wont b 2 15 trying 2 sort house ok
spam,want 2 get laid tonight want real dogging locations sent direct 2 ur mob join uk largest dogging network bt txting gravel 69888 nt ec2a 31p msg 150p
ham,ok ask abt e movie u wan ktv oso
ham,bank say money
ham,pls call da happen
ham,wow never realized embarassed accomodations thought liked since best could always seemed happy cave sorry give sorry offered sorry room embarassing
ham,dad back ph
ham,hi mate rv u hav nice hol message 3 say hello coz sent u 1 ages started driving stay roads rvx
ham,hi cts employee
ham,called hoping l8r malaria know miss guys miss bani big pls give love especially great day
ham,aww must nearly dead well jez iscoming todo workand whilltake forever
ham,ups 3days also shipping company takes 2wks way usps takes week gets lag may bribe nipost get stuff
ham,xy going 4 e lunch
ham,babe miiiiiiissssssssss need crave geeee sad without babe love
spam,87077 kick new season 2wks free goals news ur mobile txt ur club name 87077 eg villa 87077
ham,aight see bit
ham,know result
ham,hey babe friend cancel still visit
ham,come right ahmad
ham,eh sorry leh din c ur msg sad already lar watching tv u still office
ham,sister going earn da
ham,sorry going home first daddy come fetch later
ham,could read love answered
ham,prof passed papers sem congrats student enna kalaachutaarama prof gud mrng
spam,1 new voicemail please call 08719181513
ham,worries hope photo shoot went well spiffing fun workage
ham,willing go aptitude class
spam,1 polyphonic tone 4 ur mob every week txt pt2 87575 1st tone free get txtin tell ur friends 150p tone 16 reply hl 4info
ham,beauty life next second hides thousands secrets wish every second wonderful ur life gud n8
ham,x2 lt gt going get
spam,freemsg claim ur 250 sms messages text ok 84025 use web2mobile 2 ur mates etc join txt250 com 1 50p wk c box139 la32wu 16 remove txtx stop
spam,sunshine hols claim ur med holiday send stamped self address envelope drinks us uk po box 113 bray wicklow eire quiz starts saturday unsub stop
ham,still looking car buy gone 4the driving test yet
ham,wana plan trip sometme
ham,love u 2 little pocy bell sorry love u
spam,welcome uk mobile date msg free giving free calling 08719839835 future mgs billed 150p daily cancel send go stop 89123
ham,bill 3 33 65 thats bad
ham,r u saying order slippers cos pay returning
ham,k give sec breaking lt gt cstore
ham,armand says get ass epsilon
ham,mu like lt gt seconds
ham,hi hope u get txt journey hasnt gd 50 mins late think
ham,wait 4 inside da car park
ham,eatin later eatin wif frens lei going home first
ham,think move lt gt week
ham,ok problem yup going sch 4 rem correctly
ham,oh icic k lor den meet day
spam,free entry gr8prizes wkly comp 4 chance win latest nokia 8800 psp 250 cash every wk txt great 80878 http www gr8prizes com 08715705022
ham,cool text way
ham,ok lor msg b4 u call
ham,fetch yun u fetch
ham,yo howz u girls never rang india l
ham,thk wat eat tonight
ham,lag sad part keep touch thanks skype
spam,urgent please call 09061213237 landline 5000 cash 4 holiday await collection cs sae po box 177 m227xy 16
ham,got lt gt way could pick
ham,gud gud k chikku tke care sleep well gud nyt
spam,urgent ur 500 guaranteed award still unclaimed call 09066368327 closingdate04 09 02 claimcode m39m51 1 50pmmorefrommobile2bremoved mobypobox734ls27yf
ham,glad see reply
ham,yo around got car back
ham,2mro coming gym machan goodnight
spam,free msg ringtone http tms widelive com index wml id 1b6a5ecef91ff9 37819 first true18 0430 jul 05
ham,oh oh den muz change plan liao go back yan jiu
ham,yup studying surfing lor e lazy mode today
spam,themob check newest selection content games tones gossip babes sport keep mobile fit funky text wap 82468
ham,cancelled yeah baby well sounds important understand darlin give ring later fone love kate x
ham,mark works tomorrow gets 5 work house meet u afterwards
ham,pansy living jungle two years driving worried
ham,good night dear sleepwell amp take care
ham,first answer question
ham,compliments away system side
ham,hello love goes day wish well fine babe hope find job prospects miss boytoy teasing kiss
spam,free ringtone reply real poly eg real1 1 pushbutton 2 dontcha 3 babygoodbye 4 golddigger 5 webeburnin 1st tone free 6 u join 3 wk
ham,really getting hanging around
ham,nah man car meant crammed full people
ham,aight sounds good want come
ham,joining today formally pls keep praying talk later
ham,sir hope day going smoothly really hoped wont bother bills settle month extra cash know challenging time also let know
ham,anytime lor
spam,1 new message please call 08718738034
ham,house water dock boat rolled newscaster dabbles jazz flute behind wheel
ham,wanted wish happy new year wanted talk legal advice gary split person make trip ptbo hope everything good babe love ya
ham,yeah lol luckily starring role like
ham,pls help tell ashley cant find number oh
ham,u gd lor go shopping got stuff u wan 2 watch infernal affairs come lar
ham,course tease know simply must see grins keep posted prey loving smile devouring kiss
ham,sorry call later
ham,glad following dreams
ham,prefer free days tues wed fri oso ask workin lor
ham,hi babe thanks coming even though didnt go well wanted bed hope see soon love kisses xxx
spam,www applausestore com monthlysubscription 50p msg max6 month csc web age16 2stop txt stop
ham,know god created gap fingers one made comes amp fills gaps holding hand love
ham,g says never answer texts confirm deny
ham,aight text back
ham,honeybee said sweetest world god laughed amp said wait u havnt met person reading msg moral even god crack jokes gm gn ge gn
spam,marvel mobile play official ultimate spider man game 4 50 ur mobile right text spider 83338 game send u free 8ball wallpaper
ham,would ip address test considering computer minecraft server
ham,dude like buff wind
ham,means fat head
ham,ow u dey paid 60 400thousad told u would call
ham,work right
ham,awake oh
ham,neva tell noe home da aft wat
ham,babe goes day miss already love loving kiss hope everything goes well
ham,sorry took long omw
ham,kallis dismissial 2nd test
ham,princess kitty shaved natural
ham,didnt complete gist oh
ham,sorry call later
spam,okmail dear dave final notice collect 4 tenerife holiday 5000 cash award call 09061743806 landline tcs sae box326 cw25wx 150ppm
ham,k wen ur free come home also tel vikky hav sent mail also better come evening il free today aftr 6pm
spam,know u u know send chat 86688 let find 150p msg rcvd hg suite342 2lands row w1j6hl ldn 18 years
ham,lol please actually send pic right wanna see pose comb hair dryer something
ham,completed degree use joining finance
ham,hey mate spoke mag people deliver end month deliver 24th sept talk later
ham,enough trouble sleeping
ham,attended nothing
ham,really skateboarding despite fact gets thrown winds bandages shit arms every five minutes
spam,free message jamster get crazy frog sound poly text mad1 real text mad2 88888 6 crazy sounds 3 gbp week 16 c apply
spam,hey boys want hot xxx pics sent direct 2 ur phone txt porn 69855 24hrs free 50p per day stop text stopbcm sf wc1n3xx
spam,b4u voucher w c 27 03 marsms log onto www b4utele com discount credit opt reply stop customer care call 08717168528
ham,haha awesome might need take doin tonight
ham,staying town
ham,v aluable ffectionate l oveable e ternal n oble ruthful ntimate n atural e namous happy valentines day advance
ham,ur changes 2 da report big cos already made changes 2 da previous report
ham,shoot big loads get ready
spam,wan2 win meet greet westlife 4 u m8 currently tour 1 unbreakable 2 untamed 3 unkempt text 1 2 3 83049 cost 50p std text
ham,life style garments account please
ham,mum went 2 dentist
ham,going try 2 months ha ha joking
ham,really sorry b able 2 friday hope u find alternative hope yr term going ok
ham,guy flash go call call madam take care oh
ham,also came room
ham,wait 4 bus stop aft ur lect lar dun c go get car come back n pick
ham,sorry call later lt gt mins
spam,accordingly repeat text word ok mobile phone send
ham,yo guess dropped
ham,maybe fat fingers press buttons know
ham,good morning pookie pie lol hope wake u
ham,dear reached railway happen
ham,lol well quality aint bad aint complaining
ham,says lt gt year old man money last lt gt still waiting check
ham,sorry free
ham,seriously spell name
spam,congratulations thanks good friend u 2 000 xmas prize 2 claim easy call 08718726978 10p per minute bt national rate
ham,thought get watch cos thats kind thing u get4an18th loves much
ham,ultimately tor motive tui achieve korli
ham,hi spoke maneesha v like know satisfied experience reply toll free yes
ham,working technical support voice process
ham,dear reach
ham,stupid say challenge god dont think write instead respond immed
spam,mobile 11mths update free oranges latest colour camera mobiles unlimited weekend calls call mobile upd8 freefone 08000839402 2stoptx
ham,today workin free oso gee thgt u workin ur fren shop
ham,nope forgot show next week
ham,yeah right bring tape measure fri
ham,miserable tell u side effects birth control massive gut wrenching cramps first 2 months sleep last night
ham,sac score big hundred set batsman
ham,cool come havent wined dined
ham,yay better told 5 girls either
ham,hello sort town already dont rush home eating nachos let know eta
ham,cant wait see photos useful
ham,boytoy miss happened
ham,call u done
ham,could work reach consensus next meeting
ham,nope since ayo travelled forgotten guy
ham,yar say got error
ham,expect whenever text hope goes well tomo
ham,yup hey one day fri ask miwa jiayin take leave go karaoke
ham,pls wont belive god jesus
ham,dun wan watch infernal affair
ham,da whats plan
ham,hey u fancy meetin 4 cha hav lil beverage txt ring meet l8r quite tired got 3 v pist love pete x x x
ham,shopping eh ger toking abt syd leh haha
ham,born god said oh another idiot born god said oh competition knew one day two become freinds forever
ham,come
spam,u nokia 6230 plus free digital camera u get u win free auction take part send nokia 83383 pobox114 14tcr w1 16
ham,sorry call later ok bye
spam,someone u know asked dating service 2 contact cant guess call 09058097189 revealed pobox 6 ls15hb 150p
spam,sports fans get latest sports news str 2 ur mobile 1 wk free plus free tone txt sport 8007 www getzed co uk 0870141701216 norm 4txt 120p
ham,good afternoon glorious anniversary day sweet j hope finds happy content prey think send teasing kiss across sea coaxing images fond souveniers cougar pen
ham,haf u eaten wat time u wan 2 come
ham,got rumour going buy apartment chennai
ham,5 2 work timing
ham,people see msgs think iam addicted msging wrong bcoz know iam addicted sweet friends bslvyl
ham,k send lt gt min
ham,oh phone phoned disconnected
ham,meant say cant wait see u getting bored bridgwater banter
ham,swt thought nver get tired little things 4 lovable persons coz somtimes little things occupy biggest part hearts gud ni8
spam,hack chat get backdoor entry 121 chat rooms fraction cost reply neo69 call 09050280520 subscribe 25p pm dps bcm box 8027 ldn wc1n3xx
ham,know people still town
ham,die accidentally deleted e msg suppose 2 put e sim archive haiz sad
spam,freemsg today day ready horny live town love sex fun games netcollex ltd 08700621170150p per msg reply stop end
ham,hello little party animal thought buzz friends grins reminding loved send naughty adoring kiss
ham,dude fake frnds got money thts reffering u u member wit mail link u vl credited lt gt rs il getiing lt gt rs draw acc wen lt gt rs
ham,u early
ham,dled 3d imp
ham,absolutely love south park recently started watching office
ham,meet lobby
spam,100 dating service cal l 09064012103 box334sk38ch
ham,sure check yahoo email sent photos yesterday
ham,available soiree june 3rd
ham,channel
ham,howz pain come today said ystrday ice medicine
ham,done mean
ham,surprised still guess right lor
ham,goodmorning today late 1hr
ham,sitting mu waiting everyone get suite take shower
spam,sms auction nokia 7250i get win free auction take part send nokia 86021 hg suite342 2lands row w1jhl 16
ham,tot group mate lucky havent reply wat time need leave
ham,friends u stay fb chat
ham,awesome minute
ham,ugh got outta class
spam,knock knock txt whose 80082 enter r weekly draw 4 250 gift voucher 4 store yr choice cs www tkls com age16 stoptxtstop 1 50 week
spam,congratulations ur awarded 500 cd vouchers 125gift guaranteed free entry 2 100 wkly draw txt music 87066 tncs www ldew com1win150ppmx3age16
ham,right brah see later
ham,check wid corect speling e sarcasm
ham,kallis ready bat 2nd innings
ham,yes sura sun tv lol
spam,spook mob halloween collection logo pic message plus free eerie tone txt card spook 8007 zed 08701417012150p per logo pic
ham,u talking bout early morning almost noon
ham,fine imma get drink somethin want come find
ham,actually sleeping still might u call back text gr8 rock sis send u text wen wake
ham,hey want crave miss need love ahmad saeed al hallaq
ham,many happy returns day wish happy birthday
ham,yesterday true true
spam,congrats 2 mobile 3g videophones r call 09061744553 videochat wid ur mates play java games dload polyh music noline rentl bx420 ip4 5we 150pm
ham,mmmm fuck fair know weaknesses grins pushes knee exposes belly pulls head forget know wicked smile
ham,lol ouch wish stayed bit longer
ham,im gonna miss u much
ham,webpage available
ham,type stuff sing
ham,dint touch
ham,christmas occasion celebrated reflection ur values desires affections amp traditions ideal christmas
ham,many times told stage use laugh listen aha
spam,08714712388 10am 7pm cost 10p
ham,guy browsin compulsory
ham,hey happy birthday
ham,yes princess going make moan
ham,sorry got things may pub later
ham,thought bout drink tap spile seven pub gas st broad st canal ok
ham,ur luck love someone ur fortune love one loves u miracle love person love anyone except u gud nyt
ham,k special
spam,call 09095350301 send girls erotic ecstacy 60p min stop texts call 08712460324 nat rate
ham,hey babe far 2 spun 2 spk da mo dead 2 da wrld sleeping da sofa day cool nytho tx 4 fonin hon call 2mwen im bk frmcloud 9 j x
ham,ok finishing soon
ham,dont worry 1 day big lambu ji vl come til enjoy batchlor party
ham,hey next sun 1030 basic yoga course bugis go pilates intro next sat tell time r free
ham,affidavit says lt gt e twiggs st division g courtroom lt gt lt time gt double check text tomorrow
ham,come medical college 7pm forward da
ham,ugh fuck resubbing eve
ham,hi baby ive got back work wanting see u allday hope didnt piss u phone today u give call xxx
ham,daily text favour time
ham,donno scorable
ham,opinion 1 2 jada 3 kusruthi 4 lovable 5 silent 6 spl character 7 matured 8 stylish 9 simple pls reply
ham,u wana see
ham,hey mr whats name bill brison book one language words
spam,specially selected receive 2000 pound award call 08712402050 lines close cost 10ppm 16 cs apply ag promo
ham,hello got st andrews boy long way cold keep posted
ham,big god bring success
ham,much better thanks lol
ham,darling sister school resuming minimum wait period reapply take care
spam,bored housewives chat n date 0871750 77 11 bt national rate 10p min landlines
ham,since side fever vomitin
ham,sad story man last week b day wife nt wish parents forgot n kids went work even colleagues wish
spam,ur chance win 250 cash every wk txt action 80608 c www movietrivia tv custcare 08712405022 1x150p wk
ham,hey pay salary de lt gt
ham,yeah totes u wanna
spam,eastenders tv quiz flower dot compare violet e tulip f lily txt e f 84025 4 chance 2 win 100 cash wkent 150p16
spam,message free welcome new improved sex dogging club unsubscribe service reply stop msgs 150p 18
ham,found way get another app phone eh go net cafe take job geeee need babe crave see
ham,apps class varaya elaya
ham,love working home
ham,ok chikku 1 favourite song
ham,idc get weaseling way shit twice row
ham,feel like dick keep sleeping texts facebook messages sup town
ham,hurting n meaningful lines ever compromised everything love end love compromised everything gud mornin
ham,yes said
ham,sian aft meeting supervisor got work 2 liao u working
ham,lol yes friendship hanging thread cause u buy stuff
ham,okie
ham,ok prob
ham,got video tape pple type message lor u free wan 2 help hee cos noe u wan 2 watch infernal affairs ask u along asking shuhui oso
ham,miss
ham,babe fucking love know fuck good hear voice need crave get enough adore ahmad kisses
ham,call senthil hsbc
spam,new 2 club dont fink met yet b gr8 2 c u please leave msg 2day wiv ur area 09099726553 reply promised carlie x calls 1 minmobsmore lkpobox177hp51fl
ham,also piece
ham,come life brought sun shiny warming heart putting constant smile face making feel loved cared
ham,yes obviously eggs pert potato head speak soon
ham,alrite
spam,someone conacted dating service entered phone fancy find call landline 09111030116 pobox12n146tf15
ham,sorry chikku cell got problem thts nt able reply u msg u
ham,consider walls bunkers shit important never play peaceful guess place high enough matter
ham,convey regards
ham,sorry call later
ham,aiyar dun disturb u liao thk u lots 2 aft ur cupboard come
ham,hey chief give bell get need talk royal visit 1st june
ham,hi di yijue meeting 7 pm esaplanade tonight
ham,hit move
ham,xmas story peace xmas msg love xmas miracle jesus hav blessed month ahead amp wish u merry xmas
ham,would good phone tomo lunchtime shall organise something
ham,takin shower yeah leave done
ham,see thought
ham,came hostel
spam,please call amanda regard renewing upgrading current mobile handset free charge offer ends today tel 0845 021 3680 subject c
spam,hot live fantasies call 08707509020 20p per min ntt ltd po box 1327 croydon cr9 5wb 0870 national rate call
ham,keep seeing weird shit bein woah realising actually reasonable oh
ham,hey glad u r better hear u treated urself digi cam good r 9pm fab new year c u coupla wks
ham,oh k come tomorrow
ham,love want flood pretty pussy cum
spam,shop till u drop either 10k 5k 500 cash 100 travel voucher call 09064011000 ntt po box cr01327bt fixedline cost 150ppm mobile vary
ham,need lar go engin cos sis arts today
ham,k k month kotees birthday know
spam,xmas new years eve tickets sale club day 10am till 8pm thurs fri sat night week selling fast
ham,laptop take
ham,call see facebook huh
ham,ok great thanx lot
ham,meet 5 4 depends wan 2 lor
ham,cha quiteamuzing scool babe probpop cu satthen hunny 4brekkie love jen xxx psxtra lrg portions 4 please
ham,tessy pls favor pls convey birthday wishes nimya pls dnt forget today birthday shijas
ham,try making another butt
spam,dear subscriber ur draw 4 100 gift voucher b entered receipt correct ans elvis presleys birthday txt answer 80062
ham,okie thanx
spam,last chance 2 claim ur 150 worth discount vouchers text yes 85023 savamob member offers mobile cs 08717898035 3 00 sub 16 remove txt x stop
ham,dun b sad dun thk abt already concentrate ur papers k
ham,could seen recognise face
ham,plz tell ans bslvyl sent via fullonsms com
ham,speaking cash yet
ham,aight time want come
spam,88066 88066 lost 3pound help
ham,hate turns fun shopping trip annoying day everything would look house
ham,goodo yes must speak friday egg potato ratio tortilla needed
ham,called one pick e phone ask already said ok
ham,yo call get chance friend mine wanted ask big order
ham,bruce amp fowler mom car park long story
ham,new car house parents new job hand
spam,sms ac sun0819 posts hello seem cool wanted say hi hi stop send stop 62468
ham,said u mind go bedroom minute ok sed sexy mood came 5 minuts latr wid cake n wife
ham,whats house beer
spam,private 2003 account statement 07753741225 shows 800 un redeemed points call 08715203677 identifier code 42478 expires 24 10 04
ham,ok lor
ham,doesnt make sense take unless free need know wikipedia com
ham,want send virtual hug need one
spam,thanks subscription ringtone uk mobile charged 5 month please confirm replying yes reply charged
ham,ask say please message
ham,intrepid duo great time see soon
spam,want new video handset 750 anytime network mins half price line rental camcorder reply call 08000930705 delivery tomorrow
ham,noice text
ham,hi darlin im helens fone im gonna b princes 2 nite please come tb love kate
ham,curious cuz asked
ham,brother genius
ham,meeting da call
ham,problem
ham,dnt wnt tlk wid u
spam,december mobile 11mths entitled update latest colour camera mobile free call mobile update vco free 08002986906
spam,bears pic nick tom pete dick fact types try gay chat photo upload call 08718730666 10p min 2 stop texts call 08712460324
spam,ur balance 600 next question complete landmark big bob b barry c ben text b c 83738 good luck
spam,please call customer service representative freephone 0808 145 4742 9am 11pm guaranteed 1000 cash 5000 prize
ham,sleeping surfing
spam,txt call 86888 claim reward 3 hours talk time use phone subscribe6gbp mnth inc 3hrs 16 stop txtstop www gamb tv
ham,yar else thk sorts funny things
ham,k pick another 8th done
ham,message sent askin lt gt dollars shoul pay lt gt lt gt
ham,sorry call later
ham,die want u stuffs
ham,sir waiting call
ham,good need drugs
ham,call meet
ham,ummmmmaah many many happy returns day dear sweet heart happy birthday dear
ham,carlos took leave minute
ham,chance might evaporated soon violated privacy stealing phone number employer paperwork cool please contact report supervisor
ham,txting driving
ham,yeah basically time next week get away mom amp get 3
ham,yes started send requests make pain came back back bed double coins factory gotta cash nitros
ham,thought king hill thing
ham,hi email address changed
ham,tot u reach liao said shirt
spam,win newest harry potter order phoenix book 5 reply harry answer 5 questions chance first among readers
ham,movie collect car oredi
spam,ur hmv quiz cash balance currently 500 maximize ur cash send hmv1 86688 150p msg
ham,way home long dry spell season would
ham,start sending blackberry torch nigeria find buyer like 4a month tell dad buy bb anyone oh
ham,single line big meaning miss anything 4 ur best life miss ur best life anything gud nyt
ham,still maybe leave credit card get gas get back like told
ham,yes completely form clark also utter waste
ham,oh god gonna google nearby cliffs
ham,new years plans
spam,review keep fantastic nokia n gage game deck club nokia go 2 www cnupdates com newsletter unsubscribe alerts reply word
ham,6times
ham,k k advance happy pongal
ham,number sir
ham,late
ham,wow right mean guess gave boston men changed search location nyc something changed cuz signin page still says boston
ham,going take bath ill place key window
spam,ur cash balance currently 500 pounds maximize ur cash send go 86688 150p msg cc 08718720201 hg suite342 2lands row w1j6hl
ham,always brainy one
ham,k k much cost
ham,dear hero leaving qatar tonite apt opportunity pls keep touch lt email gt kerala
ham,yes appt
ham,k take care
ham,check errors difficulties correction
ham,kay since already
ham,good lets thank god please complete drug lots water beautiful day
ham,lt gt great loxahatchee xmas tree burning update totally see stars
ham,shant disturb u anymore jia
ham,told coming wednesday
ham,eyes philosophy
ham,office call lt gt min
ham,dun need use dial juz open da browser n surf
ham,already sabarish asked go
ham,wen ur lovable bcums angry wid u dnt take seriously coz angry childish n true way showing deep affection care n luv kettoda manda nice day da
ham,hi hun im comin 2nite tell every1 im sorry 4 hope u ava goodtime oli rang melnite ifink mite b sorted il explain everythin mon l8rs x
ham,okies go yan jiu skip ard oso go cine den go mrt one blah blah blah
ham,pen thing beyond joke wont biro masters ever
ham,posible dnt live lt gt century cm frwd n thnk different
ham,well obviously people cool college life went home
ham,thk u dun haf 2 hint e forum already lor cos told ron n darren going 2 tell shuhui
ham,sorry call later
ham,house e sky quite dark liao raining got excuse 2 run already rite hee
ham,keep payasam rinu brings
ham,hiya sorry hav signal seen heard neither unusual put case get sort hugs snogs
ham,call plz number shows coveragd area urgnt call vasai amp reach 4 clock call plz
ham,ugh long day exhausted want cuddle take nap
ham,wishing beautiful day moment revealing even things keep smiling enjoy
ham,yes princess want please every night wish command
ham,leaving qatar tonite search opportunity went fast pls add ur prayers dear rakhesh
spam,interflora late order interflora flowers christmas call 0800 505060 place order midnight tomorrow
ham,e timing go w u lor
ham,u better go sleep dun disturb u liao u wake msg lor
spam,brand new mobile music service live free music player arrive shortly install phone browse content top artists
ham,u coming 2 pick
ham,yup elaborating safety aspects issues
ham,wanna watch movie
ham,haha awesome omw back
spam,send logo 2 ur lover 2 names joined heart txt love name1 name2 mobno eg love adam eve 07123456789 87077 yahoo pobox36504w45wq txtno 4 ads 150p
ham,yup paragon havent decided whether 2 cut yet hee
ham,lol u still feeling sick
ham,wud never mind u dont miss u dont need u wil really hurt wen u need amp u dont tell take care
ham,sorry call later
ham,little darlings far week need coffee run tomo believe time week already
ham,hello love get interview today happy good boy think missing
ham,weekend fine excuse much decorating
ham,convey regards
ham,ok lor reaching message
ham,haha got fast lose weight thk muz go 4 month den got effect gee later go aust put bk e weight
ham,yeah imma come cause jay wants drugs
ham,solve case man found murdered lt decimal gt lt gt afternoon 1 wife called police 2 police questioned everyone 3 wife sir sleeping murder took place 4 cook cooking 5 gardener picking vegetables 6 house maid went 2 post office 7 children went 2 play 8 neighbour went 2 marriage police arrested murderer immediately reply reason u r brilliant
ham,havent add yet right
spam,free message activate 500 free text messages replying message word free terms conditions visit www 07781482378 com
ham,exhausted train morning much wine pie sleep well
ham,fear fainting housework quick cuppa
ham,k k going
ham,keep going never intention run choose rather keep room clean say visitors maybe best choice yes wanted embarassed maybe feel feel friend wants drop buy say happened morning tried everything know else
ham,r many model sony ericson also der lt gt luks good bt forgot modl
ham,hi moved in2 pub would great 2 c u u cud come
ham,shit babe thasa bit messed yeh shudvetold u urgran know neway illspeak 2 u2moro wen im asleep
ham,miss call miss call khelate kintu opponenter miss call dhorte lage thats rule one great phone receiving quality wins
ham,competition
ham,u buy newspapers already
spam,contacted dating service someone know find call land line 09050000928 pobox45w2tg150p
spam,forwarded 21870000 hi mailbox messaging sms alert 40 matches please call back 09056242159 retrieve messages matches cc100p min
ham,well keep mind got enough gas one round trip barring sudden influx cash
ham,id check like 1 bowls worth left
ham,thanks da thangam feel happy dear also miss da
ham,come people
ham,hello going village pub 8 either come accordingly ok
ham,k ready lt gt
ham,piss talking someone realise u point read backwards
ham,friends use call
ham,know thing wrong everyso often panicks starts goin bout bein good enough
ham,point hangin mr right makin u happy
ham,yeah imagine would really gentle unlike docs treat patients like turkeys
spam,chosen receive 350 award pls call claim number 09066364311 collect award selected receive valued mobile customer
spam,mobile 11 months u r entitled update latest colour mobiles camera free call mobile update co free 08002986030
ham,hope text meets smiling let text give reason smile beautiful day
ham,good morning princess
ham,thts wat wright brother fly
ham,want inside every night
ham,r stayin extra week back next wed rugby weekend hi c u soon
ham,actual exam harder nbme
ham,huh cant thk oredi many pages
ham,need drug anymore
ham,oh ic thought meant mary jane
ham,thx well months
ham,masters buy bb cos sale bf
ham,k sure relatives home sms de pls
ham,lemme know swing pick free basically time 1 semester
ham,ok u take shopping u get paid
ham,gentle princess make sweet gentle love
ham,say bold torch later one torch 2bold
ham,time come tomorrow
ham,jus came back fr lunch wif sis u leh
ham,dad wanted talk apartment got late start omw
spam,win 1000 cash prize prize worth 5000
spam,bangbabes ur order way u receive service msg 2 download ur content u goto wap bangb tv ur mobile internet service menu
ham,getting threats sales executive shifad raised complaint official message
ham,prob send email
ham,know people hit fuck yes
ham,hi darlin finish 3 u 1 2 pick meet text back number luv kate xxx
ham,replying boye changed phone number
ham,come karnan car please wait till 6pm directly goto doctor
ham,bus love
ham,send contents page
ham,normally use drink water daily
spam,great new offer double mins double txt best orange tariffs get latest camera phones 4 free call mobileupd8 free 08000839402 2stoptxt cs
ham,hui xin da lib
ham,tuition 330 hm go 1120 1205 one mind
spam,email alertfrom jeri stewartsize 2kbsubject low cost prescripiton drvgsto listen email call 123
ham,sad puppy noise
ham,r u sam p eachother meet go 2 house
spam,u subscribed best mobile content service uk 3 per 10 days send stop 82324 helpline 08706091795
ham,thats bit weird even supposed happening good idea sure pub
ham,let know details fri u find cos tom fri mentionned chinese thanks
ham,pls pls send mail know relatives coming deliver know costs risks benefits anything else thanks
spam,u outbid simonwatson5120 shinco dvd plyr 2 bid visit sms ac smsrewards 2 end bid notifications reply end
ham,people mu table lambda
ham,doesnt need test
ham,aathi dear
ham,depends individual lor e hair dresser say pretty parents say look gong u kaypoh also dunno wat collecting
ham,sorry went bed early nightnight
ham,sorry call later
ham,actually mobile full msg work online need send lt gt sent msg wil explain u later
spam,dear dave final notice collect 4 tenerife holiday 5000 cash award call 09061743806 landline tcs sae box326 cw25wx 150ppm
ham,reach ur home lt gt minutes
ham,nah help never iphone
ham,one issues california okay snow manageable
ham,hello boytoy geeee missing today like send tm remind thinking loved loving kiss
ham,oh oh wasted den muz chiong sat n sun liao
ham,k come nordstrom done
ham,ill lt gt ok
ham,lil fever fine
spam,know someone know fancies call 09058097218 find pobox 6 ls15hb 150p
ham,always chat fact need money raise
ham,sent jd customer service cum accounts executive ur mail id details contact us
spam,free 1st week no1 nokia tone 4 ur mob every week txt nokia 8007 get txting tell ur mates www getzed co uk pobox 36504 w45wq norm150p tone 16
ham,yup already thanx 4 printing n handing
ham,k tell anything
ham,sorry man accidentally left phone silent last night check til got
ham,several sir
ham,omg u know ate
ham,anything lor
ham,shame maybe cld meet hrs tomo
ham,thought could go dinner treat seem ok
ham,got salt rub open wounds like
ham,interested like
ham,tomorrow going theatre come wherever u call tell come tomorrow
spam,2nd time tried contact u u 400 prize 2 claim easy call 087104711148 10p per minute bt national rate
ham,tomorrow onwards eve 6 3 work
ham,thought slide enough
ham,oh usual vijay film different
ham,yup n fren lor meeting fren 730
ham,fun fact although would think armand would eventually build tolerance shit considering much smokes gets fucked like 2 hits
ham,dunno jus say go lido time 930
ham,aight rush ask jay
ham,im arestaurant eating squid 10 30 wanna dosomething late
spam,call 09094100151 use ur mins calls cast 10p min mob vary service provided aom gbp5 month aom box61 m60 1er u stop ages 18
spam,u bin awarded 50 play 4 instant cash call 08715203028 claim every 9th player wins min 50 500 optout 08718727870
spam,like tell deepest darkest fantasies call 09094646631 60p min stop texts call 08712460324 nat rate
spam,boltblue tones 150p reply poly mono eg poly3 1 cha cha slide 2 yeah 3 slow jamz 6 toxic 8 come stop 4 tones txt
ham,monday next week give full gist
ham,dear know lt gt th lt gt th birthday loving gopalettan planning give small gift day like participate welcome please contact admin team details
ham,k eng rocking ashes
ham,ya well fine bbd pooja full pimples even become quite black ur rite cold wearing sweatter
ham,today system sh get ready well also deep well
ham,bruv hope great break rewarding semester
ham,excellent thought misundrstud frnd knw u hate bt day wen u knw truth u hate urself gn
ham,wewa 130 iriver 255 128 mb
spam,back 2 work 2morro half term u c 2nite 4 sexy passion b4 2 go back chat 09099726481 luv dena calls 1 minmobsmorelkpobox177hp51fl
ham,entered cabin pa said happy b day boss felt special askd 4 lunch lunch invited apartment went
ham,k sent
ham,pathaya enketa maraikara pa
ham,thanks lovely wisheds rock
spam,hot live fantasies call 08707509020 20p per min ntt ltd po box 1327 croydon cr9 5wb 0870 national rate call
ham,thanks understanding trying tell sura
ham,cant think anyone spare room top head
spam,forwarded 448712404000 please call 08712404000 immediately urgent message waiting
ham,mine like fr china noisy
ham,well pattern emerging friends telling drive come smoke telling weed fiend make smoke much impede things see hesitant
spam,forwarded 21870000 hi mailbox messaging sms alert 4 messages 21 matches please call back 09056242159 retrieve messages matches
ham,sent like
ham,thanks honey still heard anything leave bit longer 2 crowd try later great advice thanks hope cardiff still
spam,congratulations ur awarded either 500 cd gift vouchers free entry 2 100 weekly draw txt music 87066 tncs www ldew com 1 win150ppmx3age16
ham,heard week
ham,great comedy cant stop laughing da
ham,anyway holla whenever around need excuse go creep people sarasota
ham,pity mood suggestions
ham,gonna go get tacos
ham,ok way railway
spam,dear u invited xchat final attempt contact u txt chat 86688
ham,yar tot u knew dis would happen long ago already
ham,usually take fifteen fucking minutes respond yes question
ham,thanx birthday already
ham,playng 9 doors game gt racing phone lol
spam,07732584351 rodger burns msg tried call reply sms free nokia mobile free camcorder please call 08000930705 delivery tomorrow
ham,hello damn christmas thing think decided keep mp3 doesnt work
ham,hi u decide wot 2 get 4 bday ill prob jus get voucher frm virgin sumfing
spam,winner u specially selected 2 receive 1000 cash 4 holiday flights inc speak live operator 2 claim 0871277810810
ham,respond imma assume still asleep imma start calling n shit
ham,supposed make still town though
ham,still customer place
ham,yes one woman man please tell likes dislikes bed
ham,fine thanks
ham,time n smile r two crucial things life sometimes time makes us forget smile sometimes someone smile makes us forget time gud noon
ham,thanks tescos quite nice gone speak soon
spam,ur awarded city break could win 200 summer shopping spree every wk txt store 88039 skilgme tscs087147403231winawk age16 1 50perwksub
spam,free 1st week entry 2 textpod 4 chance 2 win 40gb ipod 250 cash every wk txt pod 84128 ts cs www textpod net custcare 08712405020
ham,cheers message zogtorius staring phone age deciding whether text
ham,sorry meeting call later
ham,please text anymore nothing else say
ham,aiyo u always c ex one dunno abt mei reply first time u reply fast lucky workin huh got bao ur sugardad ah gee
spam,urgent mobile awarded 1 500 bonus caller prize 27 6 03 final attempt 2 contact u call 08714714011
spam,3 received mobile content enjoy
spam,claire havin borin time alone u wanna cum 2nite chat 09099725823 hope 2 c u luv claire xx calls 1 minmoremobsemspobox45po139wa
ham,yup ok go home look timings msg xuhui going learn 2nd may lesson 8am
ham,yeah probs last night obviously catching speak soon
ham,sick needy want pouts stomps feet pouts stomps feet want slave want
ham,let know changes next 6hrs even appendix age range however impossible chill let know 6hrs
ham,sorry call later
ham,deep sigh miss really surprised gone net cafe yet get miss
ham,know lacking particular dramastorm details part worried
ham,loosu go hospital de dont let careless
spam,want new nokia 3510i colour phone delivered tomorrow 200 free minutes mobile 100 free text free camcorder reply call 08000930705
ham,message text missing sender name missing number missing sent date missing missing u lot thats everything missing sent via fullonsms com
ham,ok ok ok whats ur todays plan
ham,awesome think get 8th usf time tonight
ham,wishing family merry x mas happy new year advance
spam,urgent 1 week free membership 100 000 prize jackpot txt word claim 81010 c www dbuk net lccltd pobox 4403ldnw1a7rw18
ham,yup izzit still raining heavily cos e mrt c outside
ham,prepare pleasured
ham,r u sure understand wine good idea slurp
ham,left vague said would inform person accounting delayed rent discuss housing agency renting another place checking online places around usc lt gt
ham,stuff sell tell
spam,xmas iscoming ur awarded either 500 cd gift vouchers free entry 2 r 100 weekly draw txt music 87066 tnc www ldew com1win150ppmx3age16subscription
ham,lovely night wake see message hope smile knowing great morning
spam,urgent please call 09061213237 landline 5000 cash luxury 4 canary islands holiday await collection cs sae po box 177 m227xy 150ppm 16
ham,actually first time went bed long spoke woke 7 night
ham,whatever im pretty pissed
ham,goodmorning sleeping ga
ham,sorry flaked last night shit seriously goin roommate tonight
ham,still attending da talks
ham,carlos taking sweet time usual let know patty done want smoke tell haul ass
ham,ok coming home
ham,good time nice something bit different weekends change see ya soon
ham,watching tv got new job
ham,gonna death gonna leave note says robs fault avenge
spam,valued vodafone customer computer picked win 150 prize collect easy call 09061743386
ham,ugh u apologize admit u wrong ask take u back
ham,shuhui say change 2 suntec steamboat u noe r u
ham,sell tons coins sell coins someone thru paypal voila money back life pockets
ham,u see posted facebook
spam,natalja 25 f inviting friend reply yes 440 440 see www sms ac u nat27081980 stop send stop frnd 62468
ham,hi happy new year dont mean intrude pls let know much tuition paid last semester much semester thanks
ham,hi yijue regarding 3230 textbook intro algorithms second edition selling 50
ham,needs stop going bed make fucking dealing
spam,free ringtone text first 87131 poly text get 87131 true tone help 0845 2814032 16 1st free tones 3x 150pw e nd txt stop
spam,ur chance win 250 wkly shopping spree txt shop 80878 c www txt 2 shop com custcare 08715705022 1x150p wk
ham,okie
ham,emailed yifeng part oredi get fr
ham,see see maybe reboot ym seen buzz
ham,sac needs carry
spam,1 polyphonic tone 4 ur mob every week txt pt2 87575 1st tone free get txtin tell ur friends 150p tone 16 reply hl 4info
ham,says give call friend got money definitely buying end week
ham,pandy joined 4w technologies today got job
ham,r u continent
spam,mobile number 5000 claim calls us back ring claims hot line 09050005321
ham,ya ok vikky vl c witin lt gt mins il reply u
spam,free2day sexy st george day pic jordan txt pic 89080 dont miss every wk saucy celeb 4 pics c pocketbabe co uk 0870241182716 3 wk
ham,spending new years brother family lets plan meet next week ready spoiled
ham,baby promise treat well bet take good care
spam,ur tonexs subscription renewed charged 4 50 choose 10 polys month www clubzed co uk billing msg
ham,drinkin ok
ham,shhhhh nobody supposed know
ham,k yan jiu liao sat go 4 bugis vill one frm 10 3 den hop parco 4 nb sun go cine frm 1030 2 den hop orc mrt 4 hip hop 4
ham,thinkin someone good drugs
ham,think still car
ham,please protect e threats sib never asks sensitive information like passwords atm sms pin thru email never share password anybody
ham,lol really need remember eat drinking appreciate keeping company night babe smiles
ham,cant get da laptop matric card wif lei
ham,dont want hear philosophy say happen
ham,wait till 2 bus pick
ham,message text missing sender name missing number missing sent date missing missing u lot thats everything missing sent via fullonsms com
ham,better bb wont use wife doctor
spam,dating two started sent text talk sport radio last week connection think coincidence
ham,good afternoon sunshine dawns day refreshed happy alive breathe air smile think love always
ham,dun thk quit yet hmmm go jazz yogasana oso go meet em lessons den
ham,live next lt gt mins
ham,got new job bar airport satsgettin 4 47per hour means lie keep touch
spam,09066362231 urgent mobile 07xxxxxxxxx 2 000 bonus caller prize 02 06 03 2nd attempt reach call 09066362231 asap
ham,hmm ill think ok forgiven
ham,number sir
ham,yeah able text ready meet
ham,think u got think use got good ni8
ham,solihull want anything
ham,give plus said grinule greet whenever speak
ham,call u finish come n pick u
ham,pls speak customer machan
ham,honeybee said sweetest world god laughed amp said wait u havnt met person reading msg moral even god crack jokes gm gn ge gn
spam,getting touch folks waiting company txt back name age opt enjoy community 150p sms
ham,oh charge camera
ham,medical missions nigeria
ham,symptoms u love 1 u like listening songs 2 u get stopped u see name beloved 3 u get angry
ham,hey r watching movie tonight prob b home early
ham,right make appointment right
ham,maybe say hi find got card great escape wetherspoons
spam,complimentary 4 star ibiza holiday 10 000 cash needs urgent collection 09066364349 landline lose box434sk38wp150ppm18
ham,give flying monkeys wot think certainly mind friend mine
ham,tell reached
ham,ya tel wats ur problem
spam,nokia 7250i get win free auction take part send nokia 86021 hg suite342 2lands row w1jhl 16
ham,plz note anyone calling mobile co amp asks u type lt gt lt gt disconnect call coz iz attempt terrorist make use sim card itz confirmd nokia n motorola n verified cnn ibn
ham,sorry mates phone didnt write love kate
ham,room need
ham,tell friends plan valentines day lt url gt
ham,opinion 1 2 jada 3 kusruthi 4 lovable 5 silent 6 spl character 7 matured 8 stylish 9 simple pls reply
ham,entered cabin pa said happy b day boss felt special askd 4 lunch lunch invited apartment went
ham,wondar full flim
ham,hey bored thinking u wat r u
ham,ok sure time tho sure get library class try see point good eve
ham,want custom officer discount oh
ham,645
ham,gonna rip uterus
spam,six chances win cash 100 20 000 pounds txt csh11 send 87575 cost 150p day 6days 16 tsandcs apply reply hl 4 info
ham,studying free next weekend
ham,planned yet going join company jan 5 know happen
spam,heard u4 call 4 rude chat private line 01223585334 cum wan 2c pics gettin shagged text pix 8552 2end send stop 8552 sam xxx
ham,hi kate lovely see tonight ill phone tomorrow got sing guy gave card xxx
spam,free unlimited hardcore porn direct 2 mobile txt porn 69200 get free access 24 hrs chrgd 50p per day txt stop 2exit msg free
ham,right wasnt phoned someone number like
ham,dropped em omw back
spam,fantasy football back tv go sky gamestar sky active play 250k dream team scoring starts saturday register sky opt 88088
ham,planning usually stops find hella weed smoke hella weed
ham,tell dear happen talking like alian
ham,hours went hair cut
ham,r e meeting tmr
ham,derek done class
spam,want funk ur fone weekly new tone reply tones2u 2 text www ringtones co uk original n best tones 3gbp network operator rates apply
ham,done
ham,cool time think get
ham,rude campus
ham,wait 4 u lor need 2 feel bad lar
ham,frnd necesity life imagine urself witout frnd hw u feel ur colleg wat u wth ur cell wat abt functions thnk abt events espe cared missed amp irritated u 4wrd dear loving frnds wthout u cant live jst takecare goodmorning
ham,pick rayan macleran
ham,get
ham,busy come point figure tomorrow
ham,much u trying get
ham,tel software name
ham,delhi chennai still silent
ham,aiyah sorry lor watch tv watch forgot 2 check phone
ham,arms fine cardiff uni
ham,k fyi back parents place south tampa might need deal somewhere else
spam,panasonic bluetoothhdset free nokia free motorola free doublemins doubletxt orange contract call mobileupd8 08000839402 call 2optout
ham,man carlos definitely coming mu tonight excuses
ham,nothing meant money enters account bank remove flat rate someone transfered lt gt account lt gt dollars got removed banks differ charges also differ sure trust 9ja person sending account details cos
ham,hi shanil rakhesh thanks exchanged uncut diamond stuff leaving back excellent service dino prem
ham,ranjith cal drpd deeraj deepak 5min hold
ham,pls dont forget study
ham,birthday feb lt gt da
ham,u lost ill always b 4u intend 2 hurt u never knew u felt iwas marine itried2tell urmom careabout u
ham,alright thanks advice enjoy night try get sleep
spam,dont forget place many free requests 1stchoice co uk wish information call 08707808226
ham,like v shock leh cos telling shuhui like telling leona also like dat almost know liao got ask abt ur reaction lor
ham,ur paper e morn aft tmr
ham,think far find check google maps place dorm
ham,see half hour
ham,today song dedicated day song u dedicate send ur valuable frnds first rply
ham,u made appointment
ham,thnx dude u guys 2nite
ham,oh ho first time u use type words
ham,love decision feeling could decide love life would much simpler less magical
ham,maybe westshore hyde park village place near house
ham,heard job going wildlife talk tonight u want2come that2worzels wizzle whatever
ham,dad gonna call gets work ask crazy questions
ham,sure thing big man hockey elections 6 go longer hour though
ham,year many miles
ham,sleeping surfing
spam,guess somebody know secretly fancies wanna find give us call 09065394973 landline datebox1282essexcm61xn 150p min 18
ham,update face book status frequently
ham,tonight yeah
ham,yes small kid boost secret energy
spam,thanks vote sing along stars karaoke mobile free link reply sing
ham,got divorce lol
ham,collecting ur laptop going configure da settings izzit
ham,hey project started aha da
ham,guys go see movies side
ham,sent ur email id soon
ham,put sign choose number pin show right
ham,got xmas radio times get
ham,sorry im stil fucked last nite went tobed 430 got 4 work 630
ham,home please call
spam,important customer service announcement call freephone 0800 542 0825
ham,please come imin town dontmatter urgoin outl8r reallyneed 2docd please dontplease dontignore mycalls u thecd isv important tome 4 2moro
ham,hey r still online finished formatting
ham,every king crying baby every great building map imprtant u r today u wil reach tomorw gud ni8
ham,thinking lifting one
ham,minor shindig place later tonight interested
ham,babe need advice
ham,happened adventuring
ham,sorry completely forgot pop em round week still
ham,thats cool sometimes slow gentle sonetimes rough hard
ham,nice talking please dont forget pix want see
ham,guy gets used dumb realize
ham,oh getting even u u
ham,k k pa lunch aha
ham,whens radio show
ham,good morning dear great amp successful day
ham,well going aunty
ham,good morning plz call sir
ham,headin towards busetop
spam,sunshine quiz wkly q win top sony dvd player u know country liverpool played mid week txt ansr 82277 1 50 sp tyrone
ham,hey kate hope ur ok give u buz wedlunch go outsomewhere 4 adrink town cud go 2watershd 4 bit ppl fromwrk bthere love petexxx
ham,tell pa pain de
ham,haha money leh later got go tuition haha looking empty slots driving lessons
spam,44 7732584351 want new nokia 3510i colour phone deliveredtomorrow 300 free minutes mobile 100 free texts free camcorder reply call 08000930705
ham,goodnight sleep well da please take care pa please
ham,cool ta luv v tired 2 cause doin loads planning wk got social services inspection nursery take care spk sn x
ham,getting anywhere damn job hunting
ham,aah bless arm
ham,see half hour
ham,back lemme know ready
ham,hey happened u switch ur cell whole day isnt good u care give call tomorrow
ham,sounds like could lot time spent chastity device boy grins take beatings like good dog going lounge nice long bath
ham,ok
ham,hmm thinking lor
ham,goodmorning today late lt decimal gt min
ham,significant dont worry
ham,something u ate
spam,u secret admirer looking 2 make contact u find r reveal thinks ur special call 09058094599
ham,sitting ard nothing lor u leh busy w work
ham,ok come ur home half hour
ham,de call time ill tell k
ham,look fuckin time fuck think
ham,hey hun onbus goin 2 meet wants 2go 4a meal donyt feel like cuz 2 get last bus home hes sweet latelyxxx
ham,ask u meeting da ge tmr nite
ham,dude go sup
ham,hi mobile lt gt added contact list www fullonsms com great place send free sms people visit fullonsms com
ham,hey rite u put 10 evey mnth
ham,ill call evening ill ideas
ham,know lt gt around 5
ham,actually waiting 2 weeks start putting ad
ham,good afternoon love good see words ym get tm smart move slave smiles drink coffee await
ham,like made throw smoking friend car one time awesome
ham,otherwise part time job na tuition
ham,keep ur problems ur heart b coz nobody fight u u amp u fight ur self amp win battle vivekanand g 9t sd
spam,http tms widelive com index wml id 820554ad0a1705572711 first true c c ringtone
ham,board working fine issue overheating also reslove still software inst pending come around 8 clock
ham,alright see bit
ham,r meeting
ham,also bringing galileo dobby
spam,ur awarded city break could win 200 summer shopping spree every wk txt store 88039 skilgme tscs087147403231winawk age16 1 50perwksub
ham,get ten billion calls texts help god
ham,dont worry guess busy
ham,near kalainar tv office thenampet
ham,sorry call later meeting
ham,shall fine avalarr hollalater
spam,pdate double mins 1000 txts orange tariffs latest motorola sonyericsson nokia bluetooth free call mobileupd8 08000839402 call2optout yhl
ham,thank calling forgot say happy onam sirji fine remembered met insurance person meet qatar insha allah rakhesh ex tata aig joined tissco tayseer
ham,haha good hear officially paid market 8th
ham,k wat tht incident
ham,ditto worry saying anything anymore like said last night whatever want peace
ham,party alex nichols
ham,picking various points
ham,babe lost try rebooting
ham,pleassssssseeeeee tel v avent done sportsx
ham,fishrman woke early mrng dark waited amp found sack ful stones strtd throwin thm in2 sea 2 pass time atlast jus 1stone sun rose amp found tht r nt stones diamonds moral dont wake early mrng good night
ham,sure whenever show fuck gt
ham,really dun bluff leh u sleep early nite
ham,k might come tonight class lets early
ham,hey babe going ever figure going new years
ham,jesus armand really trying tell everybody find
ham,even friend priest call
ham,designation software developer may get chennai
ham,send number give reply tomorrow morning said like ok
ham,goodmorning today late lt decimal gt min
ham,k k apo k good movie
ham,collect ur laptop
ham,u switch fone dammit
ham,uncle boye need movies oh guide plus know torrents particularly legal system slowing gr8 day plus started cos dont meet online honey moon
ham,happy saying
ham,hi spoke maneesha v like know satisfied experience reply toll free yes
ham,prabha soryda realy frm heart sory
ham,come alive better correct good looking figure
ham,back amp packing car let know room
ham,v fan
ham,reverse cheating mathematics
ham,si como listened2the plaid album quite gd new air1 hilarious also bought braindance comp ofstuff aphex abel u hav2hear c u sn xxxx
ham,also remember beads come ever
ham,got lousy sleep kept waking every 2 hours see cat wanted come worry cold
ham,networking technical support associate
ham,great trip india bring light everyone project everyone lucky see smile bye abiola
ham,e admin building might b slightly earlier call u reaching
ham,da whats plan
ham,yay wait party together
ham,nah wednesday bring mini cheetos bag
ham,borrow ur bag ok
ham,messages food
ham,lifted hopes offer money need especially end month approaches hurts studying anyways gr8 weekend
ham,school starting stay weather like food social support system like friends school things important
ham,hey missed tm last night phone charge smiles meeting friend shortly
ham,v skint fancied bevies waz gona go meet othrs spoon jst bin watchng planet earth sofa v comfey dont make hav gd night
ham,try something dear read something exams
ham,said bad dat e gals know u wat u
ham,hey babe u doin wot u 2 2nite love annie x
ham,supervisor find 4 one lor thk students havent ask yet tell u aft ask
spam,get 3 lions england tone reply lionm 4 mono lionp 4 poly 4 go 2 www ringtones co uk original n best tones 3gbp network operator rates apply
ham,remain unconvinced elaborate test willpower
ham,hey dont go watch x men lunch haha
ham,ok wun b angry msg u aft come home tonight
ham,nowadays people notixiquating laxinorficated opportunity bambling entropication ever oblisingately opted ur books masteriastering amplikater fidalfication champlaxigating think atrocious wotz ur opinion junna
ham,forgot tell smth like number sections clearer
spam,babe u want dont u baby im nasty thing 4 filthyguys fancy rude time sexy bitch go slo n hard txt xxx slo 4msgs
spam,believe true incredible txts reply g learn truly amazing things blow mind o2fwd 18p txt
ham,trust even
ham,lol ok forgiven
ham,mum going robinson already
ham,hear
ham,u knw dis lt gt
ham,actually decided hungry left yet v
ham,fact cleaning shows know upset priority constantly want need
ham,1 tension face 2 smiling face 3 waste face 4 innocent face 5 terror face 6 cruel face 7 romantic face 8 lovable face 9 decent face lt gt joker face
ham,ok ok ok whats ur todays plan
spam,dating service asked 2 contact u someone shy call 09058091870 revealed pobox84 m26 3uz 150p
ham,got hella gas money want go grand nature adventure galileo little bit
ham,dip cell dead coming u better respond else shall come back
ham,anything lor go go lor
ham,may b approve panalam posts
ham,two teams waiting players
ham,gain rights wife dont demand trying husband lets see
ham,went attend another two rounds today still reach home
ham,say fantastic chance anything need bigger life lift losing 2 live think would first person 2 die n v q
ham,alright sure let know leaving
ham,whatever juliana whatever want
ham,tell make little spreadsheet track whose idea smoke determine smokes much entire month february come
spam,awarded sipix digital camera call 09061221061 landline delivery within 28days cs box177 m221bp 2yr warranty 150ppm 16 p p 3 99
spam,400 xmas reward waiting computer randomly picked loyal mobile customers receive 400 reward call 09066380611
ham,yes really great bhaji told kallis best cricketer sachin world tough get
spam,dear voucher holder next meal us use following link pc 2 enjoy 2 4 1 dining experiencehttp www vouch4me com etlp dining asp
spam,valentines day special win 1000 quiz take partner trip lifetime send go 83600 150p msg rcvd custcare 08718720201
ham,sent lt gt bucks
ham,dude ive seeing lotta corvettes lately
spam,nokia 7250i get win free auction take part send nokia 86021 hg suite342 2lands row w1jhl 16
ham,free call pa
ham,lovely smell bus tobacco
ham,sday joined training started today
ham,long fuckin showr
ham,wan 2 meet n combine parts da rest da project going
spam,tells u 2 call 09066358152 claim 5000 prize u 2 enter ur mobile personal details prompts careful
ham,hi harish rent transfred ur acnt
spam,2 2 146tf150p
ham,mm umma ask vava also come tell play later together
ham,u going ikea str aft dat
ham,greatest test courage earth bear defeat without losing heart gn tc
ham,yes fine love safe
ham,smile right go world wonder smiling think crazy keep away grins
ham,sorry da today wont come play driving clas
ham,sent scream moan bed princess
spam,adult 18 content video shortly
ham,im done studyn library
ham,let know contact settled room lets know ok
spam,hey really horny want chat see naked text hot 69698 text charged 150pm unsubscribe text stop 69698
ham,total video converter free download type google search
ham,probably still going stuff
ham,ceri u rebel sweet dreamz little buddy c ya 2moro needs blokes
ham,way transport less problematic sat night way u want ask n join bday feel free need know definite nos booking fri
ham,actually send reminder today wonderful weekend
spam,valued vodafone customer computer picked win 150 prize collect easy call 09061743386
ham,k jason says gonna around around lt gt
spam,1 000 cash 2 000 prize claim call09050000327 c rstm sw7 3ss 150ppm
ham,know lab goggles went
ham,hmm well night night
spam,currently message awaiting collection collect message call 08718723815
ham,message truro hospital ext phone phone side
ham,uncles atlanta wish guys great semester
ham,unfortunately found pick sister airport evening think going try go one th
ham,hi darlin work u get trouble ijust talked mum morning really good time last night im goin soon call u
ham,always putting business put pictures ass facebook one open people ever met would think picture room would hurt make feel violated
spam,u subscribed best mobile content service uk 3 per ten days send stop 83435 helpline 08706091795
ham,time want come
spam,hmv bonus special 500 pounds genuine hmv vouchers answer 4 easy questions play send hmv 86688 info www 100percent real com
ham,still got lessons sch
ham,send ur birthdate month year tel u ur life partner name method calculation reply must
ham,also maaaan missing
ham,ok c u
spam,camera awarded sipix digital camera call 09061221066 fromm landline delivery within 28 days
ham,house maid murderer coz man murdered lt gt th january public holiday govt instituitions closed including post office
ham,lul im gettin juicy gossip hospital two nurses talking fat gettin one thinks shes obese oyea
ham,nothing getting msgs dis name wit different
ham,frens go lor alone wif mum n sis lor
spam,free ring tone text polys 87131 every week get new tone 0870737910216yrs 1 50 wk
ham,willing go apps class
spam,pls stop bootydelious 32 f inviting friend reply yes 434 434 see www sms ac u bootydelious stop send stop frnd 62468
ham,still tonight
spam,88800 89034 premium phone services call 08718711108
ham,luck 2 catches put
ham,jade paul u txt u remember barmed want 2 talk 2 u txt
ham,finally happened aftr decades beer cheaper petrol goverment expects us drink drive
spam,2004 account 07xxxxxxxxx shows 786 unredeemed points claim call 08719181259 identifier code xxxxx expires 26 03 05
ham,shall get pouch
ham,oh fuck juswoke bed boatin docks slept wid 25 year old spinout giv u da gossip l8r xxx
ham,office whats matter msg call break
spam,important information 4 orange user 0789xxxxxxx today lucky day 2find log onto http www urawinner com fantastic surprise awaiting
ham,cause freaky lol
ham,try get lost fact tee hee
ham,zoe hit 2 im fucking shitin il defo try hardest 2 cum 2morow luv u millions lekdog
ham,late call tomorrow morning take care sweet dreams u ummifying bye
ham,ela kano il download come wen ur free
ham,thinl role like sachin standing others hit
ham,tell happen dont behave like ok need say
ham,tired slept well past nights
ham,hope things went well doctors reminds still need 2go u c little thing left lounge
ham,said u mind go bedroom minute ok sed sexy mood came 5 minuts latr wid cake n wife
ham,seen back holby
ham,ps u ur grown right
ham,hey great deal farm tour 9am 5pm 95 pax 50 deposit 16 may
ham,shall start hear
ham,pocked
spam,2nd time tried 2 contact u u 750 pound prize 2 claim easy call 08712101358 10p per min bt national rate
ham,yes finished watching days lives love
ham,heart empty without love mind empty without wisdom eyes r empty without dreams amp life empty without frnds alwys touch good night amp sweet dreams
ham,7 go ok na
spam,cashbin co uk get lots cash weekend www cashbin co uk dear welcome weekend got biggest best ever cash give away
spam,private 2004 account statement 07742676969 shows 786 unredeemed bonus points claim call 08719180248 identifier code 45239 expires
ham,early bird purchases yet
ham,siva hostel aha
ham,please protect e threats sib never asks sensitive information like passwords atm sms pin thru email never share password anybody
ham,september
ham,ha ha ha good joke girls situation seekers
